416,-1376
416,-1376
416,-1376
416,-1376
416,-1376
416,-1376
416,-1376
416,-1376
416,-1376
416,-1376
-2432,512
-2432,512
-2464,512
-2464,512
-2432,512
-2432,512
-2368,512
-2368,512
-2336,512
-2336,512
32,32
32,32
32,32
32,32
32,0
32,0
32,32
32,32
32,32
32,32
416,-1376
416,-1376
416,-1376
416,-1376
416,-1376
416,-1376
416,-1376
416,-1376
416,-1344
416,-1344
-2528,544
-2528,544
-2528,512
-2528,512
-2528,512
-2528,512
-2496,512
-2496,512
-2496,512
-2496,512
32,0
32,0
32,0
32,0
32,32
32,32
32,0
32,0
32,0
32,0
416,-800
416,-800
416,-800
416,-800
416,-800
416,-800
416,-800
416,-800
416,-800
416,-800
-800,288
-800,288
-800,320
-800,320
-800,288
-800,288
-800,288
-800,288
-800,288
-800,288
32,0
32,0
32,0
32,0
0,0
0,0
32,0
32,0
32,0
32,0
352,-832
352,-832
352,-864
352,-864
352,-864
352,-864
352,-864
352,-864
352,-832
352,-832
-384,320
-384,320
-416,320
-416,320
-384,320
-384,320
-384,320
-384,320
-384,320
-384,320
0,32
0,32
0,0
0,0
0,0
0,0
0,32
0,32
0,32
0,32
224,-1376
224,-1376
224,-1376
224,-1376
192,-1376
192,-1376
192,-1376
192,-1376
192,-1376
192,-1376
-448,512
-448,512
-448,512
-448,512
-448,512
-448,512
-448,512
-448,512
-448,512
-448,512
0,0
0,0
0,0
0,0
0,0
0,0
0,0
0,0
0,0
0,0
192,-1376
192,-1376
192,-1408
192,-1408
192,-1408
192,-1408
192,-1408
192,-1408
192,-1408
192,-1408
-480,512
-480,512
-448,512
-448,512
-480,512
-480,512
-448,512
-448,512
-480,512
-480,512
0,32
0,32
0,32
0,32
0,32
0,32
0,32
0,32
0,32
0,32
192,-1344
192,-1344
192,-1344
192,-1344
192,-1344
192,-1344
192,-1344
192,-1344
192,-1344
192,-1344
-480,480
-480,480
-480,480
-480,480
-480,512
-480,512
-480,512
-480,512
-480,512
-480,512
0,0
0,0
-32,0
-32,0
-32,32
-32,32
0,0
0,0
0,0
0,0
416,-1344
416,-1344
384,-1344
384,-1344
384,-1344
384,-1344
384,-1344
384,-1344
384,-1344
384,-1344
-2208,480
-2208,480
-2208,480
-2208,480
-2208,480
-2208,480
-2240,480
-2240,480
-2208,480
-2208,480
32,0
32,0
32,0
32,0
32,0
32,0
0,0
0,0
32,0
32,0
384,-800
384,-800
384,-832
384,-832
384,-832
384,-832
384,-832
384,-832
384,-832
384,-832
-384,288
-384,288
-384,288
-384,288
-384,320
-384,320
-384,320
-384,320
-384,288
-384,288
0,0
0,0
0,0
0,0
0,0
0,0
0,0
0,0
0,0
0,0
384,-1280
384,-1280
384,-1280
384,-1280
384,-1280
384,-1280
384,-1280
384,-1280
384,-1280
384,-1280
-736,480
-736,480
-736,480
-736,480
-736,480
-736,480
-736,480
-736,480
-768,480
-768,480
0,0
0,0
0,0
0,0
0,0
0,0
0,32
0,32
0,0
0,0
192,-1440
192,-1440
192,-1440
192,-1440
192,-1440
192,-1440
192,-1440
192,-1440
192,-1440
192,-1440
-448,512
-448,512
-448,512
-448,512
-448,544
-448,544
-448,512
-448,512
-448,544
-448,544
0,0
0,0
0,0
0,0
0,32
0,32
0,32
0,32
0,32
0,32
192,-1472
192,-1472
192,-1504
192,-1504
192,-1504
192,-1504
192,-1472
192,-1472
192,-1472
192,-1472
-576,576
-576,576
-576,576
-576,576
-576,544
-576,544
-576,544
-576,544
-576,576
-576,576
0,32
0,32
0,0
0,0
0,0
0,0
0,32
0,32
0,32
0,32
192,-1376
192,-1376
192,-1376
192,-1376
192,-1376
192,-1376
192,-1376
192,-1376
192,-1376
192,-1376
-512,512
-512,512
-512,512
-512,512
-512,512
-512,512
-512,512
-512,512
-512,512
-512,512
0,32
0,32
0,32
0,32
0,32
0,32
0,32
0,32
0,32
0,32
192,-1312
192,-1312
192,-1312
192,-1312
192,-1312
192,-1312
192,-1312
192,-1312
192,-1312
192,-1312
-480,512
-480,512
-448,480
-448,480
-480,512
-480,512
-480,480
-480,480
-480,512
-480,512
0,32
0,32
0,32
0,32
0,32
0,32
0,32
0,32
0,32
0,32
224,-1344
224,-1344
192,-1312
192,-1312
192,-1312
192,-1312
192,-1344
192,-1344
192,-1344
192,-1344
-384,512
-384,512
-416,512
-416,512
-416,512
-416,512
-416,512
-416,512
-384,512
-384,512
0,32
0,32
0,32
0,32
0,32
0,32
0,32
0,32
0,32
0,32
384,-1536
384,-1536
384,-1536
384,-1536
416,-1536
416,-1536
416,-1536
416,-1536
384,-1536
384,-1536
-1056,576
-1056,576
-1056,576
-1056,576
-1088,576
-1088,576
-1056,576
-1056,576
-1056,576
-1056,576
0,0
0,0
0,32
0,32
0,0
0,0
0,32
0,32
0,0
0,0
384,-1440
384,-1440
384,-1440
384,-1440
384,-1440
384,-1440
384,-1440
384,-1440
384,-1440
384,-1440
-2592,512
-2592,512
-2560,512
-2560,512
-2592,512
-2592,512
-2560,512
-2560,512
-2560,512
-2560,512
0,0
0,0
0,0
0,0
0,0
0,0
0,0
0,0
0,0
0,0
384,-800
384,-800
384,-832
384,-832
384,-800
384,-800
384,-832
384,-832
384,-800
384,-800
-864,320
-864,320
-864,320
-864,320
-864,320
-864,320
-864,288
-864,288
-832,288
-832,288
32,32
32,32
0,0
0,0
0,32
0,32
0,0
0,0
0,0
0,0
192,-800
192,-800
192,-832
192,-832
192,-832
192,-832
192,-832
192,-832
192,-800
192,-800
-224,288
-224,288
-224,320
-224,320
-224,288
-224,288
-224,320
-224,320
-224,288
-224,288
0,32
0,32
0,32
0,32
0,0
0,0
0,0
0,0
0,32
0,32
192,-1248
192,-1248
192,-1248
192,-1248
192,-1248
192,-1248
192,-1248
192,-1248
192,-1248
192,-1248
-352,480
-352,480
-352,480
-352,480
-352,480
-352,480
-352,448
-352,448
-352,480
-352,480
0,0
0,0
0,32
0,32
0,32
0,32
0,32
0,32
0,32
0,32
192,-1536
192,-1536
192,-1536
192,-1536
192,-1536
192,-1536
192,-1536
192,-1536
192,-1536
192,-1536
-512,576
-512,576
-512,576
-512,576
-512,576
-512,576
-512,576
-512,576
-512,576
-512,576
0,32
0,32
0,32
0,32
0,0
0,0
0,32
0,32
0,32
0,32
384,-1472
384,-1472
384,-1472
384,-1472
384,-1472
384,-1472
384,-1440
384,-1440
384,-1440
384,-1440
-928,544
-928,544
-928,544
-928,544
-928,544
-928,544
-928,544
-928,544
-928,544
-928,544
0,32
0,32
0,32
0,32
32,32
32,32
32,32
32,32
0,32
0,32
416,-1472
416,-1472
416,-1440
416,-1440
416,-1440
416,-1440
416,-1472
416,-1472
416,-1472
416,-1472
-2912,544
-2912,544
-2912,544
-2912,544
-2880,576
-2880,576
-2880,544
-2880,544
-2848,544
-2848,544
32,32
32,32
32,0
32,0
64,32
64,32
32,32
32,32
32,0
32,0
416,-864
416,-864
416,-864
416,-864
416,-864
416,-864
416,-864
416,-864
416,-864
416,-864
-896,320
-896,320
-896,320
-896,320
-896,320
-896,320
-896,320
-896,320
-896,320
-896,320
0,0
0,0
0,0
0,0
0,0
0,0
0,0
0,0
0,0
0,0
384,-864
384,-864
384,-864
384,-864
384,-832
384,-832
384,-864
384,-864
384,-832
384,-832
-928,320
-928,320
-928,320
-928,320
-928,320
-928,320
-928,320
-928,320
-928,320
-928,320
32,0
32,0
0,0
0,0
0,0
0,0
0,0
0,0
0,0
0,0
352,-864
352,-864
352,-864
352,-864
352,-864
352,-864
352,-864
352,-864
352,-864
352,-864
-416,320
-416,320
-416,320
-416,320
-416,320
-416,320
-416,352
-416,352
-416,320
-416,320
0,32
0,32
0,32
0,32
0,32
0,32
0,32
0,32
0,0
0,0
192,-1344
192,-1344
192,-1344
192,-1344
192,-1344
192,-1344
192,-1344
192,-1344
192,-1344
192,-1344
-416,512
-416,512
-416,512
-416,512
-416,480
-416,480
-416,512
-416,512
-416,512
-416,512
0,32
0,32
32,32
32,32
0,32
0,32
0,32
0,32
0,32
0,32
192,-1472
192,-1472
192,-1472
192,-1472
192,-1472
192,-1472
192,-1472
192,-1472
192,-1472
192,-1472
-576,544
-576,544
-608,576
-608,576
-576,544
-576,544
-576,544
-576,544
-608,576
-608,576
0,32
0,32
0,32
0,32
0,32
0,32
0,32
0,32
0,32
0,32
192,-1344
192,-1344
192,-1344
192,-1344
192,-1344
192,-1344
192,-1344
192,-1344
192,-1344
192,-1344
-480,480
-480,480
-480,480
-480,480
-480,480
-480,480
-480,480
-480,480
-480,480
-480,480
0,0
0,0
0,0
0,0
0,0
0,0
0,0
0,0
0,0
0,0
384,-1280
384,-1280
384,-1280
384,-1280
384,-1280
384,-1280
384,-1280
384,-1280
384,-1280
384,-1280
-1888,448
-1888,448
-1952,480
-1952,480
-1984,448
-1984,448
-1952,448
-1952,448
-1920,448
-1920,448
32,32
32,32
32,32
32,32
32,32
32,32
32,0
32,0
32,32
32,32
352,-832
352,-832
352,-800
352,-800
352,-800
352,-800
352,-800
352,-800
352,-800
352,-800
-384,320
-384,320
-384,320
-384,320
-384,320
-384,320
-384,320
-384,320
-384,320
-384,320
32,32
32,32
0,0
0,0
0,32
0,32
0,0
0,0
0,32
0,32
384,-1376
384,-1376
384,-1376
384,-1376
384,-1376
384,-1376
384,-1344
384,-1344
384,-1376
384,-1376
-416,512
-416,512
-416,512
-416,512
-384,512
-384,512
-384,512
-384,512
-384,512
-384,512
0,32
0,32
32,32
32,32
0,32
0,32
32,32
32,32
32,0
32,0
224,-2464
224,-2464
192,-2464
192,-2464
224,-2464
224,-2464
192,-2464
192,-2464
224,-2464
224,-2464
-1408,896
-1408,896
-1376,896
-1376,896
-1376,896
-1376,896
-1376,896
-1376,896
-1376,896
-1376,896
32,32
32,32
32,32
32,32
32,0
32,0
32,0
32,0
0,32
0,32
192,-1408
192,-1408
192,-1408
192,-1408
192,-1408
192,-1408
224,-1408
224,-1408
192,-1408
192,-1408
-512,512
-512,512
-512,544
-512,544
-512,512
-512,512
-512,512
-512,512
-512,512
-512,512
0,32
0,32
0,32
0,32
0,32
0,32
0,32
0,32
0,32
0,32
192,-1280
192,-1280
192,-1280
192,-1280
192,-1280
192,-1280
192,-1280
192,-1280
192,-1280
192,-1280
-480,480
-480,480
-480,480
-480,480
-480,480
-480,480
-480,480
-480,480
-480,480
-480,480
0,32
0,32
0,32
0,32
-32,32
-32,32
0,32
0,32
0,32
0,32
160,-1280
160,-1280
192,-1280
192,-1280
160,-1280
160,-1280
160,-1280
160,-1280
160,-1280
160,-1280
-480,480
-480,480
-480,480
-480,480
-448,480
-448,480
-448,480
-448,480
-448,448
-448,448
-32,0
-32,0
0,0
0,0
-32,0
-32,0
-32,-32
-32,-32
-32,-32
-32,-32
192,-1120
192,-1120
192,-1120
192,-1120
192,-1120
192,-1120
160,-1120
160,-1120
160,-1120
160,-1120
-320,416
-320,416
-320,416
-320,416
-320,416
-320,416
-320,416
-320,416
-320,416
-320,416
0,32
0,32
0,0
0,0
0,0
0,0
0,32
0,32
0,0
0,0
384,-1472
384,-1472
384,-1472
384,-1472
384,-1472
384,-1472
384,-1472
384,-1472
384,-1440
384,-1440
-928,544
-928,544
-928,544
-928,544
-928,544
-928,544
-928,544
-928,544
-928,544
-928,544
0,32
0,32
32,32
32,32
32,32
32,32
32,32
32,32
32,32
32,32
384,-1472
384,-1472
384,-1472
384,-1472
384,-1472
384,-1472
384,-1472
384,-1472
384,-1472
384,-1472
-2912,544
-2912,544
-2944,544
-2944,544
-2912,544
-2912,544
-2912,544
-2912,544
-2944,576
-2944,576
32,0
32,0
32,0
32,0
32,0
32,0
32,0
32,0
32,0
32,0
384,-864
384,-864
416,-832
416,-832
416,-832
416,-832
416,-832
416,-832
416,-832
416,-832
-896,320
-896,320
-896,320
-896,320
-896,320
-896,320
-896,320
-896,320
-928,320
-928,320
0,32
0,32
0,0
0,0
0,32
0,32
0,0
0,0
0,32
0,32
160,-832
160,-832
160,-864
160,-864
160,-864
160,-864
160,-832
160,-832
160,-832
160,-832
-256,320
-256,320
-256,320
-256,320
-256,320
-256,320
-256,320
-256,320
-256,320
-256,320
-32,0
-32,0
0,0
0,0
0,32
0,32
0,32
0,32
0,32
0,32
192,-1088
192,-1088
192,-1120
192,-1120
192,-1088
192,-1088
192,-1120
192,-1120
192,-1120
192,-1120
-320,416
-320,416
-320,416
-320,416
-320,416
-320,416
-320,416
-320,416
-320,416
-320,416
0,0
0,0
0,0
0,0
0,0
0,0
0,0
0,0
0,0
0,0
160,-1408
160,-1408
160,-1408
160,-1408
160,-1408
160,-1408
192,-1408
192,-1408
160,-1408
160,-1408
-928,512
-928,512
-928,512
-928,512
-928,512
-928,512
-928,512
-928,512
-928,512
-928,512
0,0
0,0
0,0
0,0
0,0
0,0
0,0
0,0
0,0
0,0
352,-896
352,-896
352,-896
352,-896
352,-864
352,-864
352,-896
352,-896
352,-896
352,-896
-416,320
-416,320
-416,320
-416,320
-416,320
-416,320
-416,320
-416,320
-416,320
-416,320
0,32
0,32
0,0
0,0
0,0
0,0
0,32
0,32
32,0
32,0
384,-1376
384,-1376
384,-1344
384,-1344
416,-1344
416,-1344
384,-1376
384,-1376
384,-1344
384,-1344
-2176,512
-2176,512
-2176,480
-2176,480
-2144,512
-2144,512
-2176,480
-2176,480
-2176,512
-2176,512
32,32
32,32
32,0
32,0
32,0
32,0
32,0
32,0
32,0
32,0
416,-800
416,-800
416,-800
416,-800
416,-800
416,-800
384,-800
384,-800
384,-800
384,-800
-896,320
-896,320
-864,320
-864,320
-864,320
-864,320
-832,320
-832,320
-768,320
-768,320
32,32
32,32
0,32
0,32
32,32
32,32
0,32
0,32
32,32
32,32
416,-896
416,-896
416,-896
416,-896
416,-864
416,-864
416,-864
416,-864
384,-896
384,-896
-992,320
-992,320
-896,352
-896,352
-640,320
-640,320
-544,320
-544,320
-480,320
-480,320
0,0
0,0
0,0
0,0
0,0
0,0
0,32
0,32
0,0
0,0
384,-1248
384,-1248
384,-1248
384,-1248
384,-1248
384,-1248
384,-1248
384,-1248
384,-1248
384,-1248
-736,448
-736,448
-736,448
-736,448
-736,448
-736,448
-736,448
-736,448
-736,448
-736,448
0,0
0,0
0,0
0,0
0,0
0,0
0,0
0,0
0,0
0,0
192,-1376
192,-1376
192,-1376
192,-1376
192,-1376
192,-1376
192,-1376
192,-1376
192,-1376
192,-1376
-416,512
-416,512
-448,512
-448,512
-448,512
-448,512
-448,512
-448,512
-448,512
-448,512
0,0
0,0
0,32
0,32
0,0
0,0
0,32
0,32
0,32
0,32
192,-1440
192,-1440
192,-1440
192,-1440
192,-1440
192,-1440
192,-1440
192,-1440
192,-1440
192,-1440
-512,544
-512,544
-512,544
-512,544
-512,544
-512,544
-512,544
-512,544
-544,544
-544,544
0,32
0,32
0,32
0,32
0,32
0,32
0,32
0,32
0,32
0,32
224,-1312
224,-1312
224,-1312
224,-1312
224,-1312
224,-1312
192,-1312
192,-1312
192,-1312
192,-1312
-480,480
-480,480
-448,512
-448,512
-448,512
-448,512
-448,512
-448,512
-448,512
-448,512
0,32
0,32
0,0
0,0
0,0
0,0
0,0
0,0
0,32
0,32
384,-1408
384,-1408
416,-1408
416,-1408
384,-1408
384,-1408
416,-1408
416,-1408
384,-1408
384,-1408
-2592,512
-2592,512
-2560,512
-2560,512
-2560,544
-2560,544
-2560,512
-2560,512
-2560,512
-2560,512
32,0
32,0
32,0
32,0
32,0
32,0
32,0
32,0
32,0
32,0
352,-832
352,-832
352,-832
352,-832
384,-832
384,-832
352,-832
352,-832
384,-832
384,-832
-384,320
-384,320
-352,320
-352,320
-352,320
-352,320
-352,320
-352,320
-352,320
-352,320
0,0
0,0
32,32
32,32
32,32
32,32
0,32
0,32
0,32
0,32
416,-1536
416,-1536
384,-1536
384,-1536
416,-1536
416,-1536
384,-1536
384,-1536
384,-1504
384,-1504
-512,544
-512,544
-512,576
-512,576
-512,544
-512,544
-512,576
-512,576
-512,576
-512,576
0,0
0,0
0,0
0,0
0,0
0,0
0,0
0,0
0,0
0,0
192,-2272
192,-2272
192,-2272
192,-2272
192,-2272
192,-2272
192,-2272
192,-2272
192,-2272
192,-2272
-1152,832
-1152,832
-1152,832
-1152,832
-1152,832
-1152,832
-1152,832
-1152,832
-1152,832
-1152,832
0,32
0,32
0,32
0,32
0,32
0,32
0,32
0,32
0,0
0,0
192,-1408
192,-1408
192,-1408
192,-1408
192,-1408
192,-1408
192,-1408
192,-1408
192,-1408
192,-1408
-544,512
-544,512
-544,512
-544,512
-544,544
-544,544
-544,512
-544,512
-544,512
-544,512
0,32
0,32
0,32
0,32
0,32
0,32
0,32
0,32
0,32
0,32
224,-1248
224,-1248
192,-1248
192,-1248
192,-1248
192,-1248
192,-1248
192,-1248
192,-1248
192,-1248
-416,480
-416,480
-416,480
-416,480
-416,480
-416,480
-416,480
-416,480
-416,480
-416,480
0,32
0,32
0,32
0,32
0,32
0,32
0,32
0,32
0,32
0,32
192,-1376
192,-1376
224,-1376
224,-1376
192,-1376
192,-1376
192,-1376
192,-1376
192,-1376
192,-1376
-448,512
-448,512
-416,544
-416,544
-448,512
-448,512
-448,512
-448,512
-448,512
-448,512
0,0
0,0
0,32
0,32
0,32
0,32
0,32
0,32
0,0
0,0
192,-1440
192,-1440
192,-1408
192,-1408
192,-1440
192,-1440
192,-1408
192,-1408
192,-1408
192,-1408
-448,544
-448,544
-448,544
-448,544
-448,544
-448,544
-448,544
-448,544
-448,544
-448,544
0,0
0,0
32,32
32,32
0,0
0,0
0,32
0,32
0,32
0,32
384,-1504
384,-1504
384,-1504
384,-1504
384,-1504
384,-1504
384,-1504
384,-1504
384,-1504
384,-1504
-1024,576
-1024,576
-1024,576
-1024,576
-1024,576
-1024,576
-1024,576
-1024,576
-1024,576
-1024,576
0,0
0,0
0,0
0,0
0,32
0,32
0,0
0,0
0,0
0,0
416,-1472
416,-1472
384,-1472
384,-1472
416,-1472
416,-1472
384,-1472
384,-1472
416,-1472
416,-1472
-2880,544
-2880,544
-2880,544
-2880,544
-2880,544
-2880,544
-2784,544
-2784,544
-2784,544
-2784,544
32,32
32,32
32,0
32,0
32,32
32,32
32,32
32,32
64,0
64,0
384,-896
384,-896
416,-896
416,-896
416,-864
416,-864
384,-896
384,-896
416,-896
416,-896
-928,320
-928,320
-736,320
-736,320
-576,320
-576,320
-512,320
-512,320
-480,320
-480,320
0,0
0,0
0,32
0,32
-32,0
-32,0
0,0
0,0
0,0
0,0
192,-1216
192,-1216
192,-1184
192,-1184
192,-1184
192,-1184
192,-1184
192,-1184
192,-1216
192,-1216
-416,448
-416,448
-416,448
-416,448
-416,448
-416,448
-416,448
-416,448
-416,448
-416,448
0,32
0,32
0,32
0,32
0,32
0,32
0,32
0,32
0,32
0,32
192,-1280
192,-1280
192,-1280
192,-1280
192,-1280
192,-1280
192,-1280
192,-1280
192,-1248
192,-1248
-384,480
-384,480
-384,480
-384,480
-384,480
-384,480
-384,480
-384,480
-384,480
-384,480
0,0
0,0
0,0
0,0
0,0
0,0
0,0
0,0
0,0
0,0
192,-1472
192,-1472
192,-1472
192,-1472
192,-1472
192,-1472
192,-1440
192,-1440
192,-1472
192,-1472
-992,544
-992,544
-992,544
-992,544
-992,544
-992,544
-992,544
-992,544
-960,544
-960,544
0,32
0,32
32,32
32,32
32,32
32,32
0,0
0,0
32,32
32,32
384,-992
384,-992
384,-992
384,-992
352,-992
352,-992
384,-992
384,-992
384,-992
384,-992
-512,384
-512,384
-480,352
-480,352
-512,384
-512,384
-480,384
-480,384
-480,352
-480,352
32,32
32,32
0,32
0,32
0,0
0,0
0,32
0,32
0,32
0,32
384,-1248
384,-1248
384,-1248
384,-1248
384,-1248
384,-1248
384,-1248
384,-1248
384,-1248
384,-1248
-1856,448
-1856,448
-1856,448
-1856,448
-1856,480
-1856,480
-1856,480
-1856,480
-1888,448
-1888,448
32,0
32,0
32,0
32,0
32,32
32,32
32,32
32,32
32,0
32,0
384,-800
384,-800
384,-800
384,-800
384,-832
384,-832
384,-800
384,-800
384,-832
384,-832
-896,320
-896,320
-896,320
-896,320
-928,320
-928,320
-928,320
-928,320
-896,320
-896,320
32,0
32,0
32,0
32,0
0,0
0,0
0,0
0,0
0,0
0,0
384,-832
384,-832
384,-800
384,-800
384,-800
384,-800
384,-800
384,-800
384,-800
384,-800
-352,320
-352,320
-352,288
-352,288
-384,320
-384,320
-352,288
-352,288
-352,288
-352,288
0,0
0,0
0,0
0,0
0,0
0,0
0,0
0,0
0,0
0,0
384,-1472
384,-1472
384,-1472
384,-1472
384,-1472
384,-1472
384,-1472
384,-1472
384,-1472
384,-1472
-960,544
-960,544
-960,544
-960,544
-960,544
-960,544
-928,544
-928,544
-928,544
-928,544
0,0
0,0
0,0
0,0
0,0
0,0
0,0
0,0
0,0
0,0
192,-1472
192,-1472
192,-1472
192,-1472
192,-1440
192,-1440
192,-1472
192,-1472
192,-1472
192,-1472
-480,576
-480,576
-512,544
-512,544
-480,544
-480,544
-480,544
-480,544
-512,544
-512,544
0,32
0,32
0,0
0,0
0,0
0,0
0,0
0,0
0,0
0,0
160,-1376
160,-1376
192,-1376
192,-1376
192,-1376
192,-1376
192,-1376
192,-1376
192,-1376
192,-1376
-512,512
-512,512
-512,512
-512,512
-512,512
-512,512
-512,480
-512,480
-512,480
-512,480
0,32
0,32
0,32
0,32
0,32
0,32
0,32
0,32
0,32
0,32
192,-1216
192,-1216
192,-1216
192,-1216
192,-1216
192,-1216
192,-1216
192,-1216
192,-1216
192,-1216
-1856,480
-1856,480
-1856,480
-1856,480
-1856,480
-1856,480
-1824,480
-1824,480
-1856,480
-1856,480
32,32
32,32
0,0
0,0
32,32
32,32
32,32
32,32
32,32
32,32
384,-736
384,-736
384,-736
384,-736
384,-736
384,-736
384,-736
384,-736
384,-736
384,-736
-736,288
-736,288
-736,288
-736,288
-736,288
-736,288
-736,288
-736,288
-736,288
-736,288
0,0
0,0
0,0
0,0
0,32
0,32
0,0
0,0
0,32
0,32
352,-768
352,-768
352,-768
352,-768
352,-768
352,-768
352,-768
352,-768
352,-768
352,-768
-352,320
-352,320
-352,320
-352,320
-352,288
-352,288
-320,288
-320,288
-352,288
-352,288
0,0
0,0
0,32
0,32
0,32
0,32
0,0
0,0
0,0
0,0
224,-1376
224,-1376
224,-1376
224,-1376
192,-1376
192,-1376
192,-1376
192,-1376
192,-1376
192,-1376
-480,512
-480,512
-480,512
-480,512
-480,512
-480,512
-480,512
-480,512
-480,512
-480,512
0,0
0,0
0,0
0,0
0,0
0,0
0,0
0,0
0,0
0,0
192,-1376
192,-1376
192,-1376
192,-1376
192,-1344
192,-1344
160,-1344
160,-1344
192,-1344
192,-1344
-416,480
-416,480
-416,480
-416,480
-416,480
-416,480
-416,480
-416,480
-416,512
-416,512
0,32
0,32
0,32
0,32
0,32
0,32
0,32
0,32
0,32
0,32
192,-1472
192,-1472
192,-1472
192,-1472
192,-1472
192,-1472
192,-1472
192,-1472
192,-1472
192,-1472
-608,576
-608,576
-576,576
-576,576
-576,576
-576,576
-608,544
-608,544
-608,544
-608,544
0,32
0,32
0,32
0,32
0,32
0,32
0,32
0,32
0,32
0,32
192,-1280
192,-1280
192,-1280
192,-1280
160,-1280
160,-1280
160,-1280
160,-1280
192,-1280
192,-1280
-448,480
-448,480
-416,448
-416,448
-416,448
-416,448
-448,448
-448,448
-416,448
-416,448
0,0
0,0
-32,0
-32,0
-32,0
-32,0
-32,0
-32,0
-32,0
-32,0
192,-1280
192,-1280
192,-1280
192,-1280
192,-1280
192,-1280
192,-1280
192,-1280
192,-1280
192,-1280
-384,448
-384,448
-384,480
-384,480
-384,480
-384,480
-384,480
-384,480
-384,480
-384,480
0,32
0,32
0,32
0,32
0,0
0,0
0,0
0,0
0,0
0,0
192,-1632
192,-1632
192,-1632
192,-1632
192,-1632
192,-1632
192,-1632
192,-1632
192,-1632
192,-1632
-608,640
-608,640
-576,608
-576,608
-608,608
-608,608
-576,608
-576,608
-608,608
-608,608
0,32
0,32
32,32
32,32
0,32
0,32
32,0
32,0
0,32
0,32
384,-1440
384,-1440
384,-1408
384,-1408
384,-1440
384,-1440
384,-1408
384,-1408
384,-1408
384,-1408
-928,544
-928,544
-896,544
-896,544
-896,544
-896,544
-896,544
-896,544
-928,544
-928,544
0,32
0,32
32,0
32,0
0,0
0,0
0,0
0,0
0,0
0,0
384,-1472
384,-1472
416,-1472
416,-1472
416,-1472
416,-1472
416,-1472
416,-1472
416,-1472
416,-1472
-2880,544
-2880,544
-2880,544
-2880,544
-2880,544
-2880,544
-2912,544
-2912,544
-2944,544
-2944,544
32,32
32,32
32,0
32,0
32,0
32,0
32,0
32,0
32,0
32,0
416,-864
416,-864
384,-864
384,-864
384,-864
384,-864
384,-864
384,-864
384,-864
384,-864
-224,320
-224,320
-224,320
-224,320
-224,320
-224,320
-256,320
-256,320
-224,320
-224,320
0,32
0,32
0,32
0,32
0,32
0,32
0,32
0,32
0,32
0,32
192,-2208
192,-2208
224,-2208
224,-2208
224,-2208
224,-2208
192,-2208
192,-2208
192,-2208
192,-2208
-1248,832
-1248,832
-1216,832
-1216,832
-1216,832
-1216,832
-1216,832
-1216,832
-1216,832
-1216,832
32,32
32,32
32,32
32,32
32,32
32,32
32,32
32,32
32,32
32,32
192,-1376
192,-1376
192,-1376
192,-1376
224,-1376
224,-1376
192,-1376
192,-1376
224,-1344
224,-1344
-448,512
-448,512
-416,512
-416,512
-416,512
-416,512
-416,512
-416,512
-416,512
-416,512
0,32
0,32
0,32
0,32
0,0
0,0
0,0
0,0
0,0
0,0
384,-1408
384,-1408
384,-1408
384,-1408
384,-1408
384,-1408
384,-1408
384,-1408
384,-1408
384,-1408
-928,544
-928,544
-896,512
-896,512
-896,544
-896,544
-896,544
-896,544
-896,512
-896,512
0,0
0,0
0,0
0,0
0,0
0,0
0,0
0,0
0,0
0,0
384,-1408
384,-1408
384,-1408
384,-1408
384,-1408
384,-1408
384,-1408
384,-1408
384,-1408
384,-1408
-2560,512
-2560,512
-2560,512
-2560,512
-2560,512
-2560,512
-2560,512
-2560,512
-2560,512
-2560,512
32,0
32,0
0,32
0,32
32,0
32,0
32,0
32,0
0,0
0,0
384,-800
384,-800
384,-832
384,-832
384,-800
384,-800
384,-800
384,-800
384,-800
384,-800
-864,320
-864,320
-832,320
-832,320
-832,288
-832,288
-832,320
-832,320
-800,288
-800,288
0,0
0,0
0,0
0,0
0,0
0,0
0,0
0,0
0,0
0,0
384,-832
384,-832
384,-832
384,-832
384,-864
384,-864
384,-832
384,-832
384,-864
384,-864
-864,320
-864,320
-896,320
-896,320
-896,320
-896,320
-864,320
-864,320
-864,320
-864,320
0,32
0,32
0,32
0,32
0,32
0,32
0,32
0,32
32,0
32,0
416,-864
416,-864
384,-864
384,-864
384,-864
384,-864
416,-864
416,-864
384,-896
384,-896
-416,320
-416,320
-416,352
-416,352
-416,352
-416,352
-416,320
-416,320
-416,320
-416,320
0,32
0,32
0,0
0,0
0,32
0,32
0,32
0,32
32,32
32,32
384,-1344
384,-1344
384,-1344
384,-1344
384,-1344
384,-1344
384,-1344
384,-1344
384,-1344
384,-1344
-832,480
-832,480
-832,480
-832,480
-800,480
-800,480
-832,512
-832,512
-832,512
-832,512
0,0
0,0
0,0
0,0
0,0
0,0
0,0
0,0
0,0
0,0
192,-1376
192,-1376
192,-1376
192,-1376
192,-1376
192,-1376
192,-1376
192,-1376
192,-1376
192,-1376
-448,512
-448,512
-448,512
-448,512
-448,512
-448,512
-448,544
-448,544
-448,512
-448,512
0,32
0,32
0,0
0,0
0,32
0,32
0,0
0,0
0,32
0,32
192,-1408
192,-1408
192,-1408
192,-1408
192,-1408
192,-1408
192,-1408
192,-1408
192,-1408
192,-1408
-512,544
-512,544
-544,512
-544,512
-512,544
-512,544
-512,544
-512,544
-512,512
-512,512
-32,32
-32,32
0,32
0,32
0,32
0,32
0,0
0,0
0,32
0,32
192,-1312
192,-1312
192,-1312
192,-1312
192,-1312
192,-1312
192,-1280
192,-1280
192,-1312
192,-1312
-2176,480
-2176,480
-2176,480
-2176,480
-2176,480
-2176,480
-2176,480
-2176,480
-2176,480
-2176,480
0,0
0,0
0,0
0,0
32,0
32,0
32,0
32,0
32,0
32,0
384,-736
384,-736
384,-736
384,-736
384,-736
384,-736
384,-736
384,-736
384,-768
384,-768
-704,288
-704,288
-736,288
-736,288
-736,288
-736,288
-704,256
-704,256
-736,288
-736,288
0,0
0,0
0,0
0,0
0,0
0,0
0,0
0,0
0,0
0,0
352,-768
352,-768
352,-768
352,-768
352,-768
352,-768
352,-768
352,-768
352,-768
352,-768
-352,288
-352,288
-352,288
-352,288
-352,288
-352,288
-352,288
-352,288
-352,288
-352,288
0,0
0,0
0,32
0,32
0,32
0,32
0,32
0,32
0,0
0,0
192,-1376
192,-1376
192,-1376
192,-1376
192,-1376
192,-1376
192,-1376
192,-1376
192,-1376
192,-1376
-448,512
-448,512
-416,512
-416,512
-416,512
-416,512
-448,512
-448,512
-416,480
-416,480
0,0
0,0
0,32
0,32
0,0
0,0
0,0
0,0
0,0
0,0
192,-1376
192,-1376
192,-1376
192,-1376
192,-1376
192,-1376
192,-1376
192,-1376
192,-1376
192,-1376
-512,544
-512,544
-544,544
-544,544
-544,512
-544,512
-512,544
-512,544
-512,512
-512,512
0,32
0,32
0,32
0,32
0,32
0,32
0,32
0,32
0,32
0,32
192,-1280
192,-1280
192,-1280
192,-1280
224,-1280
224,-1280
192,-1280
192,-1280
192,-1280
192,-1280
-448,512
-448,512
-448,512
-448,512
-448,512
-448,512
-448,512
-448,512
-448,512
-448,512
0,32
0,32
0,32
0,32
0,32
0,32
0,32
0,32
0,32
0,32
160,-1440
160,-1440
192,-1440
192,-1440
160,-1408
160,-1408
160,-1408
160,-1408
160,-1408
160,-1408
-544,512
-544,512
-544,512
-544,512
-544,512
-544,512
-544,512
-544,512
-544,512
-544,512
0,32
0,32
0,0
0,0
0,32
0,32
0,0
0,0
0,32
0,32
192,-1152
192,-1152
192,-1120
192,-1120
192,-1152
192,-1152
192,-1120
192,-1120
192,-1120
192,-1120
-320,448
-320,448
-320,448
-320,448
-320,448
-320,448
-320,448
-320,448
-320,416
-320,416
0,0
0,0
0,32
0,32
0,0
0,0
0,0
0,0
0,0
0,0
192,-1408
192,-1408
192,-1408
192,-1408
192,-1440
192,-1440
192,-1408
192,-1408
192,-1408
192,-1408
-928,544
-928,544
-928,512
-928,512
-928,544
-928,544
-928,544
-928,544
-928,544
-928,544
0,0
0,0
0,0
0,0
0,0
0,0
0,0
0,0
0,32
0,32
352,-992
352,-992
384,-992
384,-992
384,-992
384,-992
384,-992
384,-992
352,-992
352,-992
-544,416
-544,416
-544,384
-544,384
-544,416
-544,416
-544,416
-544,416
-544,384
-544,384
0,32
0,32
32,0
32,0
0,0
0,0
0,32
0,32
0,32
0,32
384,-1344
384,-1344
416,-1344
416,-1344
416,-1344
416,-1344
416,-1344
416,-1344
416,-1376
416,-1376
-2240,512
-2240,512
-2208,512
-2208,512
-2208,480
-2208,480
-2176,512
-2176,512
-2208,512
-2208,512
32,0
32,0
32,0
32,0
32,0
32,0
32,0
32,0
32,0
32,0
384,-928
384,-928
384,-928
384,-928
384,-928
384,-928
384,-928
384,-928
384,-928
384,-928
-288,352
-288,352
-256,352
-256,352
-256,352
-256,352
-256,352
-256,352
-288,352
-288,352
0,32
0,32
0,32
0,32
0,32
0,32
0,32
0,32
0,32
0,32
192,-1984
192,-1984
192,-1984
192,-1984
192,-1984
192,-1984
224,-1952
224,-1952
192,-1952
192,-1952
-992,704
-992,704
-992,736
-992,736
-992,704
-992,704
-992,736
-992,736
-992,704
-992,704
0,0
0,0
0,0
0,0
0,0
0,0
0,0
0,0
0,0
0,0
192,-1280
192,-1280
192,-1280
192,-1280
192,-1280
192,-1280
192,-1280
192,-1280
192,-1280
192,-1280
-384,480
-384,480
-384,448
-384,448
-384,448
-384,448
-384,480
-384,480
-384,448
-384,448
0,32
0,32
0,0
0,0
0,0
0,0
0,0
0,0
0,0
0,0
384,-1344
384,-1344
384,-1344
384,-1344
384,-1344
384,-1344
352,-1344
352,-1344
384,-1344
384,-1344
-832,512
-832,512
-832,512
-832,512
-832,512
-832,512
-800,512
-800,512
-832,512
-832,512
0,32
0,32
0,32
0,32
32,32
32,32
0,32
0,32
0,32
0,32
384,-1440
384,-1440
384,-1440
384,-1440
384,-1472
384,-1472
416,-1472
416,-1472
384,-1440
384,-1440
-2720,544
-2720,544
-2784,544
-2784,544
-2720,544
-2720,544
-2720,544
-2720,544
-2752,544
-2752,544
32,32
32,32
64,32
64,32
32,32
32,32
32,0
32,0
32,32
32,32
416,-832
416,-832
416,-832
416,-832
416,-832
416,-832
416,-832
416,-832
416,-832
416,-832
-896,320
-896,320
-896,320
-896,320
-896,320
-896,320
-896,320
-896,320
-896,320
-896,320
0,32
0,32
32,32
32,32
32,32
32,32
0,32
0,32
32,32
32,32
416,-896
416,-896
384,-864
384,-864
416,-864
416,-864
384,-864
384,-864
384,-864
384,-864
-928,320
-928,320
-928,320
-928,320
-928,320
-928,320
-928,320
-928,320
-928,320
-928,320
0,0
0,0
0,32
0,32
0,0
0,0
0,0
0,0
0,0
0,0
352,-800
352,-800
352,-800
352,-800
352,-800
352,-800
352,-800
352,-800
352,-800
352,-800
-384,320
-384,320
-384,320
-384,320
-384,288
-384,288
-384,320
-384,320
-352,320
-352,320
32,32
32,32
0,32
0,32
0,0
0,0
32,0
32,0
0,32
0,32
384,-1536
384,-1536
384,-1536
384,-1536
384,-1536
384,-1536
384,-1536
384,-1536
384,-1536
384,-1536
-544,576
-544,576
-512,576
-512,576
-512,576
-512,576
-512,576
-512,576
-512,576
-512,576
0,32
0,32
0,0
0,0
0,0
0,0
0,0
0,0
0,0
0,0
192,-2272
192,-2272
192,-2240
192,-2240
192,-2240
192,-2240
192,-2240
192,-2240
192,-2240
192,-2240
-1152,832
-1152,832
-1152,832
-1152,832
-1152,832
-1152,832
-1152,832
-1152,832
-1152,832
-1152,832
-32,0
-32,0
-32,0
-32,0
-32,0
-32,0
-32,0
-32,0
-32,0
-32,0
192,-1408
192,-1408
192,-1408
192,-1408
192,-1408
192,-1408
192,-1408
192,-1408
192,-1408
192,-1408
-544,512
-544,512
-544,512
-544,512
-544,512
-544,512
-544,512
-544,512
-544,512
-544,512
0,32
0,32
0,32
0,32
0,32
0,32
0,32
0,32
0,32
0,32
416,-1408
416,-1408
416,-1408
416,-1408
416,-1408
416,-1408
384,-1440
384,-1440
416,-1440
416,-1440
-2528,512
-2528,512
-2528,544
-2528,544
-2528,544
-2528,544
-2528,544
-2528,544
-2528,512
-2528,512
32,0
32,0
32,0
32,0
32,0
32,0
32,0
32,0
32,0
32,0
384,-832
384,-832
384,-864
384,-864
384,-832
384,-832
416,-864
416,-864
416,-832
416,-832
-928,320
-928,320
-704,320
-704,320
-544,320
-544,320
-480,320
-480,320
-416,320
-416,320
0,0
0,0
0,32
0,32
0,0
0,0
0,0
0,0
0,0
0,0
384,-1472
384,-1472
384,-1440
384,-1440
384,-1472
384,-1472
384,-1472
384,-1472
416,-1472
416,-1472
-928,544
-928,544
-960,544
-960,544
-960,544
-960,544
-960,544
-960,544
-960,544
-960,544
32,32
32,32
32,0
32,0
0,0
0,0
0,0
0,0
0,0
0,0
192,-1504
192,-1504
192,-1504
192,-1504
192,-1504
192,-1504
192,-1504
192,-1504
192,-1504
192,-1504
-512,576
-512,576
-512,544
-512,544
-512,576
-512,576
-512,576
-512,576
-512,576
-512,576
0,0
0,0
0,0
0,0
0,32
0,32
0,32
0,32
0,0
0,0
192,-1472
192,-1472
192,-1472
192,-1472
192,-1472
192,-1472
192,-1472
192,-1472
192,-1472
192,-1472
-544,544
-544,544
-544,544
-544,544
-544,544
-544,544
-544,512
-544,512
-544,544
-544,544
0,32
0,32
0,32
0,32
0,32
0,32
0,32
0,32
0,32
0,32
192,-1344
192,-1344
192,-1344
192,-1344
192,-1344
192,-1344
192,-1344
192,-1344
192,-1344
192,-1344
-480,512
-480,512
-480,512
-480,512
-480,512
-480,512
-480,480
-480,480
-480,480
-480,480
-32,32
-32,32
0,0
0,0
0,0
0,0
-32,32
-32,32
0,0
0,0
192,-1248
192,-1248
192,-1280
192,-1280
192,-1280
192,-1280
192,-1280
192,-1280
192,-1280
192,-1280
-448,480
-448,480
-448,480
-448,480
-448,480
-448,480
-448,480
-448,480
-448,480
-448,480
0,32
0,32
0,32
0,32
0,32
0,32
0,32
0,32
0,32
0,32
224,-1312
224,-1312
192,-1280
192,-1280
192,-1312
192,-1312
192,-1312
192,-1312
224,-1280
224,-1280
-416,480
-416,480
-416,480
-416,480
-416,480
-416,480
-416,480
-416,480
-416,480
-416,480
0,0
0,0
0,0
0,0
0,0
0,0
0,0
0,0
0,0
0,0
192,-1536
192,-1536
192,-1536
192,-1536
192,-1536
192,-1536
192,-1536
192,-1536
192,-1536
192,-1536
-1056,576
-1056,576
-1024,576
-1024,576
-1024,576
-1024,576
-1024,576
-1024,576
-1024,576
-1024,576
0,0
0,0
0,0
0,0
0,0
0,0
0,0
0,0
0,0
0,0
352,-1024
352,-1024
352,-1024
352,-1024
384,-1024
384,-1024
352,-992
352,-992
352,-992
352,-992
-544,384
-544,384
-544,384
-544,384
-544,384
-544,384
-544,384
-544,384
-544,384
-544,384
0,32
0,32
0,0
0,0
0,0
0,0
0,0
0,0
0,0
0,0
384,-1376
384,-1376
384,-1376
384,-1376
384,-1376
384,-1376
384,-1376
384,-1376
384,-1376
384,-1376
-2176,480
-2176,480
-2176,480
-2176,480
-2208,480
-2208,480
-2176,480
-2176,480
-2176,480
-2176,480
32,32
32,32
32,0
32,0
32,32
32,32
32,32
32,32
32,0
32,0
192,-800
192,-800
192,-800
192,-800
192,-832
192,-832
192,-832
192,-832
192,-800
192,-800
-256,320
-256,320
-224,320
-224,320
-256,320
-256,320
-224,320
-224,320
-256,320
-256,320
0,32
0,32
0,32
0,32
0,32
0,32
0,32
0,32
0,32
0,32
192,-1184
192,-1184
192,-1184
192,-1184
192,-1184
192,-1184
192,-1184
192,-1184
192,-1184
192,-1184
-352,448
-352,448
-352,448
-352,448
-320,448
-320,448
-352,448
-352,448
-320,448
-320,448
0,0
0,0
0,0
0,0
0,0
0,0
0,32
0,32
32,0
32,0
192,-1536
192,-1536
192,-1536
192,-1536
192,-1536
192,-1536
192,-1536
192,-1536
192,-1504
192,-1504
-512,576
-512,576
-512,576
-512,576
-512,576
-512,576
-512,576
-512,576
-512,576
-512,576
0,0
0,0
0,0
0,0
0,0
0,0
0,0
0,0
0,0
0,0
384,-1280
384,-1280
384,-1280
384,-1280
384,-1280
384,-1280
352,-1248
352,-1248
384,-1248
384,-1248
-736,448
-736,448
-736,448
-736,448
-736,448
-736,448
-736,448
-736,448
-768,448
-768,448
0,0
0,0
0,0
0,0
0,0
0,0
0,0
0,0
0,0
0,0
384,-1376
384,-1376
384,-1344
384,-1344
384,-1344
384,-1344
384,-1376
384,-1376
384,-1344
384,-1344
-2176,512
-2176,512
-2176,512
-2176,512
-2144,512
-2144,512
-2176,480
-2176,480
-2176,512
-2176,512
32,32
32,32
32,0
32,0
32,0
32,0
32,0
32,0
32,0
32,0
416,-864
416,-864
416,-896
416,-896
416,-864
416,-864
416,-896
416,-896
416,-896
416,-896
-928,320
-928,320
-960,320
-960,320
-960,320
-960,320
-928,320
-928,320
-928,320
-928,320
32,0
32,0
0,0
0,0
32,0
32,0
0,0
0,0
0,0
0,0
384,-832
384,-832
384,-832
384,-832
384,-832
384,-832
384,-832
384,-832
384,-832
384,-832
-896,320
-896,320
-896,320
-896,320
-896,320
-896,320
-896,320
-896,320
-896,320
-896,320
0,0
0,0
0,0
0,0
0,0
0,0
0,0
0,0
0,0
0,0
352,-896
352,-896
352,-896
352,-896
352,-864
352,-864
352,-864
352,-864
352,-864
352,-864
-384,320
-384,320
-416,352
-416,352
-416,320
-416,320
-416,320
-416,320
-416,320
-416,320
0,32
0,32
32,32
32,32
0,0
0,0
0,32
0,32
0,0
0,0
384,-1344
384,-1344
384,-1344
384,-1344
384,-1344
384,-1344
384,-1344
384,-1344
384,-1344
384,-1344
-416,512
-416,512
-416,512
-416,512
-416,512
-416,512
-416,512
-416,512
-416,512
-416,512
0,0
0,0
0,32
0,32
0,0
0,0
0,32
0,32
0,0
0,0
224,-2336
224,-2336
192,-2304
192,-2304
192,-2304
192,-2304
192,-2304
192,-2304
224,-2336
224,-2336
-1248,896
-1248,896
-1248,864
-1248,864
-1216,864
-1216,864
-1248,864
-1248,864
-1216,864
-1216,864
0,32
0,32
32,32
32,32
0,32
0,32
0,32
0,32
0,32
0,32
192,-1504
192,-1504
224,-1504
224,-1504
224,-1536
224,-1536
224,-1504
224,-1504
224,-1504
224,-1504
-608,576
-608,576
-608,576
-608,576
-608,576
-608,576
-608,576
-608,576
-576,576
-576,576
0,32
0,32
0,32
0,32
0,0
0,0
0,32
0,32
0,32
0,32
384,-1504
384,-1504
384,-1536
384,-1536
384,-1536
384,-1536
384,-1504
384,-1504
384,-1504
384,-1504
-2944,544
-2944,544
-2944,544
-2944,544
-2944,544
-2944,544
-2944,544
-2944,544
-2944,544
-2944,544
32,0
32,0
32,0
32,0
32,0
32,0
32,0
32,0
32,0
32,0
416,-832
416,-832
384,-832
384,-832
416,-864
416,-864
416,-864
416,-864
416,-864
416,-864
-384,320
-384,320
-384,320
-384,320
-384,320
-384,320
-384,320
-384,320
-384,320
-384,320
0,32
0,32
32,32
32,32
0,32
0,32
0,32
0,32
0,32
0,32
416,-1504
416,-1504
384,-1504
384,-1504
416,-1504
416,-1504
384,-1504
384,-1504
384,-1504
384,-1504
-1024,576
-1024,576
-1024,576
-1024,576
-1024,576
-1024,576
-1024,576
-1024,576
-1024,576
-1024,576
0,32
0,32
32,32
32,32
0,0
0,0
32,0
32,0
0,32
0,32
192,-1472
192,-1472
192,-1472
192,-1472
192,-1472
192,-1472
192,-1472
192,-1472
192,-1472
192,-1472
-480,544
-480,544
-480,576
-480,576
-480,544
-480,544
-480,544
-480,544
-480,544
-480,544
0,0
0,0
0,0
0,0
0,0
0,0
0,0
0,0
0,0
0,0
192,-1440
192,-1440
192,-1440
192,-1440
192,-1440
192,-1440
192,-1440
192,-1440
192,-1440
192,-1440
-544,512
-544,512
-544,512
-544,512
-544,512
-544,512
-544,512
-544,512
-544,512
-544,512
0,32
0,32
0,32
0,32
0,32
0,32
0,32
0,32
0,32
0,32
192,-1248
192,-1248
192,-1248
192,-1248
192,-1248
192,-1248
192,-1248
192,-1248
192,-1248
192,-1248
-416,480
-416,480
-416,480
-416,480
-416,480
-416,480
-416,480
-416,480
-416,480
-416,480
0,32
0,32
0,32
0,32
0,32
0,32
0,32
0,32
0,32
0,32
192,-1376
192,-1376
192,-1376
192,-1376
192,-1344
192,-1344
192,-1344
192,-1344
192,-1376
192,-1376
-512,512
-512,512
-512,544
-512,544
-512,512
-512,512
-544,512
-544,512
-544,512
-544,512
0,32
0,32
32,32
32,32
32,32
32,32
32,32
32,32
0,32
0,32
192,-1248
192,-1248
192,-1248
192,-1248
192,-1248
192,-1248
192,-1248
192,-1248
192,-1248
192,-1248
-416,480
-416,480
-384,480
-384,480
-384,480
-384,480
-416,480
-416,480
-416,480
-416,480
0,0
0,0
0,32
0,32
0,0
0,0
0,0
0,0
0,0
0,0
352,-1376
352,-1376
352,-1376
352,-1376
384,-1376
384,-1376
384,-1376
384,-1376
384,-1376
384,-1376
-896,512
-896,512
-864,512
-864,512
-896,512
-896,512
-896,480
-896,480
-864,512
-864,512
0,0
0,0
0,0
0,0
0,0
0,0
0,0
0,0
0,0
0,0
384,-1440
384,-1440
384,-1440
384,-1440
384,-1440
384,-1440
384,-1440
384,-1440
384,-1440
384,-1440
-928,544
-928,544
-928,512
-928,512
-928,512
-928,512
-928,512
-928,512
-928,512
-928,512
0,32
0,32
32,32
32,32
32,0
32,0
0,32
0,32
32,32
32,32
384,-1376
384,-1376
384,-1376
384,-1376
384,-1376
384,-1376
384,-1376
384,-1376
384,-1376
384,-1376
-2400,512
-2400,512
-2400,512
-2400,512
-2368,512
-2368,512
-2304,512
-2304,512
-2272,512
-2272,512
32,32
32,32
32,0
32,0
32,0
32,0
32,0
32,0
32,0
32,0
192,-800
192,-800
192,-800
192,-800
192,-800
192,-800
192,-800
192,-800
192,-800
192,-800
-224,320
-224,320
-224,320
-224,320
-224,320
-224,320
-224,320
-224,320
-224,288
-224,288
0,32
0,32
0,32
0,32
0,32
0,32
0,32
0,32
0,32
0,32
192,-1120
192,-1120
224,-1120
224,-1120
192,-1120
192,-1120
192,-1120
192,-1120
192,-1120
192,-1120
-288,448
-288,448
-320,448
-320,448
-320,448
-320,448
-288,448
-288,448
-320,448
-320,448
0,0
0,0
0,32
0,32
0,0
0,0
0,0
0,0
0,0
0,0
192,-1536
192,-1536
192,-1536
192,-1536
192,-1536
192,-1536
192,-1536
192,-1536
192,-1536
192,-1536
-512,576
-512,576
-512,576
-512,576
-512,576
-512,576
-512,576
-512,576
-512,576
-512,576
0,0
0,0
0,0
0,0
0,0
0,0
0,0
0,0
0,0
0,0
384,-1472
384,-1472
384,-1472
384,-1472
384,-1472
384,-1472
384,-1472
384,-1472
384,-1472
384,-1472
-992,544
-992,544
-992,544
-992,544
-992,544
-992,544
-992,544
-992,544
-1024,544
-1024,544
0,0
0,0
0,0
0,0
0,0
0,0
0,0
0,0
0,0
0,0
384,-1376
384,-1376
384,-1376
384,-1376
384,-1376
384,-1376
384,-1408
384,-1408
384,-1376
384,-1376
-2432,512
-2432,512
-2464,512
-2464,512
-2432,512
-2432,512
-2400,512
-2400,512
-2400,512
-2400,512
32,0
32,0
32,0
32,0
32,0
32,0
32,0
32,0
32,0
32,0
416,-864
416,-864
384,-864
384,-864
384,-832
384,-832
384,-832
384,-832
384,-864
384,-864
-896,320
-896,320
-928,320
-928,320
-928,320
-928,320
-928,320
-928,320
-928,320
-928,320
0,0
0,0
0,32
0,32
0,0
0,0
0,0
0,0
0,0
0,0
384,-800
384,-800
384,-800
384,-800
384,-800
384,-800
384,-800
384,-800
384,-832
384,-832
-736,288
-736,288
-736,288
-736,288
-736,288
-736,288
-768,288
-768,288
-736,288
-736,288
0,0
0,0
0,0
0,0
0,0
0,0
0,0
0,0
0,0
0,0
352,-896
352,-896
352,-864
352,-864
352,-864
352,-864
352,-896
352,-896
352,-864
352,-864
-416,320
-416,320
-416,320
-416,320
-416,320
-416,320
-416,320
-416,320
-416,352
-416,352
0,32
0,32
0,32
0,32
0,0
0,0
0,0
0,0
0,0
0,0
192,-1504
192,-1504
192,-1504
192,-1504
192,-1504
192,-1504
192,-1504
192,-1504
192,-1504
192,-1504
-512,576
-512,576
-512,576
-512,576
-512,576
-512,576
-512,576
-512,576
-512,576
-512,576
0,32
0,32
0,32
0,32
0,0
0,0
32,32
32,32
0,32
0,32
192,-1472
192,-1472
192,-1472
192,-1472
192,-1472
192,-1472
192,-1472
192,-1472
192,-1472
192,-1472
-544,544
-544,544
-544,544
-544,544
-544,544
-544,544
-544,512
-544,512
-544,544
-544,544
0,32
0,32
0,32
0,32
0,32
0,32
0,32
0,32
0,32
0,32
192,-1344
192,-1344
192,-1344
192,-1344
192,-1344
192,-1344
192,-1312
192,-1312
192,-1344
192,-1344
-480,480
-480,480
-480,480
-480,480
-480,480
-480,480
-480,480
-480,480
-480,480
-480,480
0,32
0,32
0,0
0,0
0,32
0,32
0,32
0,32
0,32
0,32
384,-1280
384,-1280
384,-1280
384,-1280
384,-1280
384,-1280
384,-1280
384,-1280
384,-1280
384,-1280
-1888,448
-1888,448
-1888,448
-1888,448
-1856,480
-1856,480
-1856,448
-1856,448
-1888,448
-1888,448
32,0
32,0
0,0
0,0
32,0
32,0
0,0
0,0
0,0
0,0
384,-800
384,-800
384,-832
384,-832
384,-832
384,-832
384,-800
384,-800
384,-832
384,-832
-352,320
-352,320
-384,320
-384,320
-384,320
-384,320
-384,320
-384,320
-384,320
-384,320
0,32
0,32
0,32
0,32
0,0
0,0
0,0
0,0
0,32
0,32
384,-1536
384,-1536
416,-1536
416,-1536
384,-1536
384,-1536
384,-1536
384,-1536
384,-1536
384,-1536
-1024,576
-1024,576
-1024,576
-1024,576
-1024,576
-1024,576
-1024,576
-1024,576
-1024,576
-1024,576
0,32
0,32
32,0
32,0
0,32
0,32
0,32
0,32
32,32
32,32
224,-1472
224,-1472
224,-1472
224,-1472
192,-1472
192,-1472
224,-1440
224,-1440
192,-1440
192,-1440
-480,544
-480,544
-480,544
-480,544
-448,544
-448,544
-480,544
-480,544
-448,544
-448,544
0,32
0,32
32,32
32,32
0,32
0,32
32,32
32,32
0,32
0,32
192,-1408
192,-1408
192,-1408
192,-1408
192,-1408
192,-1408
192,-1408
192,-1408
192,-1376
192,-1376
-544,512
-544,512
-544,512
-544,512
-544,512
-544,512
-544,512
-544,512
-544,512
-544,512
0,32
0,32
0,32
0,32
0,32
0,32
0,32
0,32
0,32
0,32
192,-1280
192,-1280
192,-1248
192,-1248
192,-1280
192,-1280
192,-1280
192,-1280
192,-1280
192,-1280
-416,480
-416,480
-416,480
-416,480
-416,480
-416,480
-416,480
-416,480
-416,448
-416,448
-32,0
-32,0
-32,0
-32,0
-32,0
-32,0
-32,0
-32,0
-32,0
-32,0
192,-1280
192,-1280
192,-1280
192,-1280
192,-1280
192,-1280
192,-1280
192,-1280
192,-1280
192,-1280
-448,480
-448,480
-448,480
-448,480
-448,480
-448,480
-448,480
-448,480
-448,480
-448,480
0,32
0,32
0,32
0,32
0,32
0,32
0,32
0,32
0,32
0,32
192,-1504
192,-1504
192,-1504
192,-1504
192,-1504
192,-1504
192,-1504
192,-1504
192,-1504
192,-1504
-512,576
-512,576
-512,576
-512,576
-512,576
-512,576
-512,576
-512,576
-512,576
-512,576
0,0
0,0
0,32
0,32
0,0
0,0
0,0
0,0
0,0
0,0
384,-1440
384,-1440
384,-1472
384,-1472
384,-1472
384,-1472
416,-1472
416,-1472
384,-1440
384,-1440
-960,544
-960,544
-960,544
-960,544
-960,544
-960,544
-960,544
-960,544
-960,544
-960,544
0,32
0,32
0,32
0,32
0,32
0,32
0,0
0,0
0,0
0,0
384,-1440
384,-1440
384,-1440
384,-1440
384,-1440
384,-1440
416,-1440
416,-1440
384,-1440
384,-1440
-2560,544
-2560,544
-2560,544
-2560,544
-2528,544
-2528,544
-2528,544
-2528,544
-2528,544
-2528,544
32,32
32,32
32,0
32,0
32,0
32,0
32,32
32,32
32,32
32,32
384,-896
384,-896
384,-896
384,-896
384,-896
384,-896
384,-896
384,-896
384,-896
384,-896
-928,320
-928,320
-928,320
-928,320
-928,320
-928,320
-928,320
-928,320
-928,320
-928,320
-32,0
-32,0
-32,0
-32,0
0,0
0,0
-32,0
-32,0
0,0
0,0
192,-800
192,-800
192,-832
192,-832
160,-832
160,-832
160,-800
160,-800
160,-832
160,-832
-224,288
-224,288
-224,288
-224,288
-224,288
-224,288
-224,288
-224,288
-224,288
-224,288
0,0
0,0
0,32
0,32
0,0
0,0
0,32
0,32
0,32
0,32
192,-1088
192,-1088
192,-1056
192,-1056
192,-1056
192,-1056
192,-1056
192,-1056
192,-1056
192,-1056
-288,416
-288,416
-288,416
-288,416
-288,416
-288,416
-288,416
-288,416
-288,416
-288,416
0,32
0,32
0,32
0,32
0,0
0,0
0,0
0,0
0,0
0,0
192,-1536
192,-1536
192,-1536
192,-1536
192,-1536
192,-1536
192,-1536
192,-1536
192,-1536
192,-1536
-1024,576
-1024,576
-1024,576
-1024,576
-1024,576
-1024,576
-1024,576
-1024,576
-1024,576
-1024,576
0,0
0,0
0,32
0,32
0,0
0,0
32,32
32,32
0,32
0,32
384,-992
384,-992
352,-1024
352,-1024
384,-992
384,-992
352,-992
352,-992
384,-1024
384,-1024
-544,384
-544,384
-544,384
-544,384
-544,384
-544,384
-544,384
-544,384
-544,384
-544,384
0,32
0,32
0,32
0,32
0,0
0,0
0,0
0,0
0,32
0,32
416,-1440
416,-1440
416,-1440
416,-1440
384,-1440
384,-1440
384,-1440
384,-1440
416,-1440
416,-1440
-2560,544
-2560,544
-2528,544
-2528,544
-2560,512
-2560,512
-2560,512
-2560,512
-2560,512
-2560,512
32,32
32,32
32,0
32,0
32,0
32,0
32,0
32,0
32,0
32,0
384,-832
384,-832
416,-832
416,-832
416,-832
416,-832
416,-832
416,-832
416,-832
416,-832
-896,320
-896,320
-896,320
-896,320
-896,320
-896,320
-896,320
-896,320
-896,320
-896,320
0,0
0,0
0,0
0,0
0,0
0,0
32,0
32,0
32,0
32,0
384,-896
384,-896
384,-864
384,-864
384,-864
384,-864
384,-864
384,-864
384,-864
384,-864
-928,320
-928,320
-928,320
-928,320
-928,320
-928,320
-928,320
-928,320
-928,320
-928,320
0,0
0,0
0,0
0,0
0,0
0,0
0,0
0,0
0,0
0,0
352,-800
352,-800
352,-800
352,-800
352,-800
352,-800
352,-800
352,-800
352,-800
352,-800
-352,288
-352,288
-352,288
-352,288
-352,288
-352,288
-352,288
-352,288
-352,320
-352,320
0,32
0,32
0,32
0,32
0,32
0,32
0,32
0,32
0,32
0,32
192,-1536
192,-1536
192,-1536
192,-1536
192,-1536
192,-1536
192,-1536
192,-1536
192,-1536
192,-1536
-544,576
-544,576
-512,576
-512,576
-512,576
-512,576
-512,576
-512,576
-512,576
-512,576
0,32
0,32
0,0
0,0
0,32
0,32
0,0
0,0
0,32
0,32
192,-1472
192,-1472
192,-1472
192,-1472
192,-1472
192,-1472
192,-1440
192,-1440
192,-1472
192,-1472
-512,544
-512,544
-544,544
-544,544
-544,544
-544,544
-544,544
-544,544
-544,544
-544,544
0,0
0,0
-32,0
-32,0
0,32
0,32
0,32
0,32
0,0
0,0
192,-1344
192,-1344
192,-1344
192,-1344
192,-1344
192,-1344
192,-1344
192,-1344
192,-1344
192,-1344
-480,480
-480,480
-480,480
-480,480
-480,480
-480,480
-480,480
-480,480
-480,480
-480,480
0,32
0,32
0,0
0,0
0,0
0,0
0,0
0,0
0,0
0,0
384,-1280
384,-1280
384,-1280
384,-1280
384,-1280
384,-1280
384,-1280
384,-1280
384,-1280
384,-1280
-1952,448
-1952,448
-1920,448
-1920,448
-1888,448
-1888,448
-1888,448
-1888,448
-1888,448
-1888,448
0,0
0,0
32,0
32,0
0,0
0,0
32,0
32,0
0,0
0,0
352,-800
352,-800
352,-832
352,-832
352,-832
352,-832
352,-832
352,-832
352,-832
352,-832
-384,320
-384,320
-384,320
-384,320
-384,320
-384,320
-384,320
-384,320
-384,320
-384,320
0,32
0,32
0,32
0,32
0,32
0,32
0,32
0,32
0,0
0,0
384,-1440
384,-1440
384,-1440
384,-1440
384,-1440
384,-1440
384,-1440
384,-1440
384,-1440
384,-1440
-448,544
-448,544
-448,544
-448,544
-448,544
-448,544
-448,544
-448,544
-448,544
-448,544
0,0
0,0
0,0
0,0
0,32
0,32
0,0
0,0
0,0
0,0
192,-2336
192,-2336
192,-2336
192,-2336
192,-2368
192,-2368
192,-2336
192,-2336
192,-2336
192,-2336
-1248,864
-1248,864
-1248,864
-1248,864
-1248,864
-1248,864
-1280,864
-1280,864
-1280,864
-1280,864
0,32
0,32
0,0
0,0
0,0
0,0
0,32
0,32
0,32
0,32
192,-1376
192,-1376
192,-1376
192,-1376
192,-1376
192,-1376
192,-1376
192,-1376
192,-1376
192,-1376
-512,544
-512,544
-544,512
-544,512
-512,512
-512,512
-544,512
-544,512
-512,512
-512,512
0,32
0,32
0,32
0,32
0,32
0,32
0,32
0,32
0,32
0,32
192,-1312
192,-1312
192,-1312
192,-1312
192,-1312
192,-1312
192,-1312
192,-1312
192,-1312
192,-1312
-480,512
-480,512
-448,512
-448,512
-480,512
-480,512
-448,512
-448,512
-480,480
-480,480
-32,0
-32,0
0,0
0,0
0,0
0,0
-32,0
-32,0
-32,0
-32,0
192,-1280
192,-1280
192,-1280
192,-1280
192,-1280
192,-1280
192,-1248
192,-1248
192,-1280
192,-1280
-448,480
-448,480
-416,448
-416,448
-416,448
-416,448
-416,480
-416,480
-384,448
-384,448
0,0
0,0
0,0
0,0
0,0
0,0
0,0
0,0
0,0
0,0
192,-1536
192,-1536
192,-1536
192,-1536
192,-1536
192,-1536
192,-1536
192,-1536
192,-1536
192,-1536
-544,576
-544,576
-512,576
-512,576
-512,576
-512,576
-544,576
-544,576
-512,576
-512,576
0,0
0,0
0,0
0,0
0,0
0,0
0,0
0,0
0,0
0,0
384,-1440
384,-1440
384,-1472
384,-1472
384,-1472
384,-1472
384,-1472
384,-1472
384,-1472
384,-1472
-928,544
-928,544
-928,544
-928,544
-928,544
-928,544
-928,544
-928,544
-928,544
-928,544
32,32
32,32
32,32
32,32
0,32
0,32
32,32
32,32
0,32
0,32
384,-1440
384,-1440
384,-1472
384,-1472
384,-1472
384,-1472
384,-1440
384,-1440
384,-1472
384,-1472
-2784,544
-2784,544
-2656,544
-2656,544
-2720,544
-2720,544
-2656,544
-2656,544
-2720,544
-2720,544
32,0
32,0
32,0
32,0
32,32
32,32
32,0
32,0
32,32
32,32
416,-832
416,-832
416,-832
416,-832
416,-832
416,-832
416,-832
416,-832
416,-832
416,-832
-896,320
-896,320
-896,320
-896,320
-896,320
-896,320
-896,320
-896,320
-896,320
-896,320
32,32
32,32
0,32
0,32
0,32
0,32
32,32
32,32
32,32
32,32
192,-864
192,-864
192,-864
192,-864
192,-864
192,-864
192,-864
192,-864
192,-864
192,-864
-256,352
-256,352
-224,352
-224,352
-224,320
-224,320
-224,352
-224,352
-224,352
-224,352
0,32
0,32
0,32
0,32
0,32
0,32
0,32
0,32
0,32
0,32
192,-1440
192,-1440
192,-1440
192,-1440
192,-1440
192,-1440
192,-1440
192,-1440
192,-1440
192,-1440
-448,544
-448,544
-448,544
-448,544
-448,544
-448,544
-448,512
-448,512
-480,512
-480,512
0,32
0,32
0,0
0,0
0,32
0,32
0,0
0,0
0,32
0,32
192,-1344
192,-1344
192,-1344
192,-1344
192,-1344
192,-1344
192,-1344
192,-1344
192,-1344
192,-1344
-832,480
-832,480
-832,480
-832,480
-832,480
-832,480
-832,512
-832,512
-832,480
-832,480
0,32
0,32
0,0
0,0
0,32
0,32
0,32
0,32
0,0
0,0
352,-960
352,-960
352,-960
352,-960
352,-960
352,-960
352,-960
352,-960
352,-960
352,-960
-480,352
-480,352
-480,352
-480,352
-480,352
-480,352
-480,352
-480,352
-480,352
-480,352
0,0
0,0
0,0
0,0
0,0
0,0
0,0
0,0
0,0
0,0
416,-1376
416,-1376
384,-1344
384,-1344
384,-1376
384,-1376
384,-1376
384,-1376
384,-1376
384,-1376
-2208,480
-2208,480
-2208,480
-2208,480
-2176,480
-2176,480
-2176,480
-2176,480
-2176,480
-2176,480
32,32
32,32
32,0
32,0
32,32
32,32
32,0
32,0
32,0
32,0
416,-800
416,-800
384,-800
384,-800
384,-800
384,-800
384,-800
384,-800
384,-832
384,-832
-896,320
-896,320
-896,320
-896,320
-864,320
-864,320
-864,320
-864,320
-896,320
-896,320
0,32
0,32
0,32
0,32
32,0
32,0
0,0
0,0
0,0
0,0
384,-800
384,-800
384,-800
384,-800
416,-800
416,-800
384,-800
384,-800
384,-800
384,-800
-384,320
-384,320
-384,320
-384,320
-384,320
-384,320
-384,320
-384,320
-352,320
-352,320
0,0
0,0
32,0
32,0
0,32
0,32
32,32
32,32
0,32
0,32
384,-1632
384,-1632
384,-1632
384,-1632
416,-1632
416,-1632
384,-1632
384,-1632
384,-1632
384,-1632
-1216,608
-1216,608
-1184,608
-1184,608
-1184,608
-1184,608
-1184,608
-1184,608
-1184,608
-1184,608
32,32
32,32
0,32
0,32
0,0
0,0
0,0
0,0
0,0
0,0
192,-1440
192,-1440
192,-1440
192,-1440
192,-1408
192,-1408
224,-1440
224,-1440
224,-1440
224,-1440
-448,544
-448,544
-448,544
-448,544
-448,544
-448,544
-448,544
-448,544
-448,544
-448,544
0,32
0,32
0,32
0,32
32,0
32,0
0,0
0,0
0,0
0,0
192,-1632
192,-1632
192,-1632
192,-1632
192,-1632
192,-1632
192,-1632
192,-1632
192,-1632
192,-1632
-704,608
-704,608
-704,608
-704,608
-704,608
-704,608
-672,608
-672,608
-672,608
-672,608
0,32
0,32
0,32
0,32
0,32
0,32
0,32
0,32
0,32
0,32
224,-1312
224,-1312
224,-1344
224,-1344
192,-1344
192,-1344
192,-1344
192,-1344
192,-1344
192,-1344
-672,512
-672,512
-832,480
-832,480
-896,512
-896,512
-928,512
-928,512
-1440,512
-1440,512
0,0
0,0
0,0
0,0
-32,0
-32,0
0,0
0,0
-32,0
-32,0
384,-800
384,-800
384,-768
384,-768
384,-800
384,-800
384,-800
384,-800
384,-800
384,-800
-768,288
-768,288
-768,288
-768,288
-768,288
-768,288
-768,288
-768,288
-768,288
-768,288
0,0
0,0
0,0
0,0
0,0
0,0
0,0
0,0
0,0
0,0
384,-960
384,-960
384,-992
384,-992
352,-960
352,-960
352,-960
352,-960
352,-992
352,-992
-480,384
-480,384
-480,352
-480,352
-480,384
-480,384
-480,384
-480,384
-480,352
-480,352
0,32
0,32
0,0
0,0
0,32
0,32
0,32
0,32
0,0
0,0
384,-1344
384,-1344
384,-1344
384,-1344
384,-1344
384,-1344
384,-1344
384,-1344
384,-1344
384,-1344
-416,512
-416,512
-384,512
-384,512
-416,512
-416,512
-416,480
-416,480
-416,480
-416,480
0,0
0,0
0,0
0,0
0,0
0,0
0,0
0,0
0,32
0,32
192,-2176
192,-2176
192,-2176
192,-2176
224,-2208
224,-2208
192,-2176
192,-2176
192,-2176
192,-2176
-1056,800
-1056,800
-1056,800
-1056,800
-1056,832
-1056,832
-1024,800
-1024,800
-1024,800
-1024,800
0,32
0,32
0,32
0,32
0,32
0,32
0,32
0,32
0,32
0,32
192,-1408
192,-1408
192,-1408
192,-1408
192,-1408
192,-1408
192,-1408
192,-1408
224,-1408
224,-1408
-512,544
-512,544
-512,544
-512,544
-512,512
-512,512
-544,544
-544,544
-512,544
-512,544
0,32
0,32
0,0
0,0
0,32
0,32
0,32
0,32
0,32
0,32
192,-1504
192,-1504
192,-1504
192,-1504
192,-1504
192,-1504
192,-1504
192,-1504
192,-1504
192,-1504
-576,544
-576,544
-576,544
-576,544
-576,544
-576,544
-576,544
-576,544
-576,576
-576,576
0,32
0,32
0,32
0,32
0,32
0,32
0,0
0,0
0,32
0,32
160,-1376
160,-1376
192,-1408
192,-1408
192,-1376
192,-1376
192,-1376
192,-1376
192,-1376
192,-1376
-480,512
-480,512
-448,512
-448,512
-448,512
-448,512
-448,512
-448,512
-448,512
-448,512
0,0
0,0
0,0
0,0
-32,0
-32,0
0,0
0,0
0,0
0,0
192,-1440
192,-1440
192,-1440
192,-1440
192,-1440
192,-1440
192,-1408
192,-1408
192,-1408
192,-1408
-480,512
-480,512
-448,544
-448,544
-448,512
-448,512
-480,544
-480,544
-480,512
-480,512
0,32
0,32
0,0
0,0
0,0
0,0
0,32
0,32
0,32
0,32
384,-1344
384,-1344
384,-1344
384,-1344
384,-1344
384,-1344
384,-1344
384,-1344
384,-1344
384,-1344
-832,512
-832,512
-800,512
-800,512
-832,480
-832,480
-832,512
-832,512
-832,512
-832,512
0,32
0,32
0,32
0,32
0,32
0,32
0,32
0,32
0,32
0,32
416,-1472
416,-1472
416,-1440
416,-1440
416,-1472
416,-1472
416,-1472
416,-1472
416,-1472
416,-1472
-2816,544
-2816,544
-2816,544
-2816,544
-2784,544
-2784,544
-2752,576
-2752,576
-2688,544
-2688,544
32,0
32,0
64,32
64,32
32,32
32,32
32,0
32,0
32,32
32,32
416,-896
416,-896
416,-864
416,-864
416,-864
416,-864
416,-864
416,-864
416,-864
416,-864
-224,320
-224,320
-224,320
-224,320
-224,320
-224,320
-224,352
-224,352
-224,320
-224,320
0,32
0,32
32,32
32,32
0,32
0,32
0,32
0,32
0,32
0,32
192,-2368
192,-2368
192,-2368
192,-2368
192,-2368
192,-2368
224,-2368
224,-2368
224,-2336
224,-2336
-1440,864
-1440,864
-1408,864
-1408,864
-1408,864
-1408,864
-1408,864
-1408,864
-1408,896
-1408,896
0,32
0,32
0,32
0,32
0,0
0,0
0,32
0,32
32,0
32,0
192,-1472
192,-1472
192,-1472
192,-1472
192,-1472
192,-1472
192,-1472
192,-1472
192,-1472
192,-1472
-512,544
-512,544
-512,544
-512,544
-512,544
-512,544
-512,544
-512,544
-512,544
-512,544
0,32
0,32
0,0
0,0
0,0
0,0
0,0
0,0
0,0
0,0
352,-1216
352,-1216
384,-1216
384,-1216
384,-1216
384,-1216
384,-1216
384,-1216
384,-1216
384,-1216
-704,480
-704,480
-704,448
-704,448
-736,480
-736,480
-704,448
-704,448
-704,448
-704,448
0,32
0,32
0,32
0,32
0,0
0,0
0,32
0,32
0,0
0,0
416,-1408
416,-1408
384,-1408
384,-1408
384,-1408
384,-1408
384,-1408
384,-1408
384,-1408
384,-1408
-896,544
-896,544
-896,544
-896,544
-928,544
-928,544
-896,544
-896,544
-896,544
-896,544
32,0
32,0
0,0
0,0
0,0
0,0
0,32
0,32
0,0
0,0
416,-1504
416,-1504
416,-1504
416,-1504
416,-1504
416,-1504
416,-1504
416,-1504
416,-1504
416,-1504
-2912,544
-2912,544
-2944,576
-2944,576
-2912,576
-2912,576
-2912,544
-2912,544
-2912,576
-2912,576
32,32
32,32
64,32
64,32
64,32
64,32
32,0
32,0
32,0
32,0
416,-928
416,-928
416,-896
416,-896
384,-896
384,-896
384,-896
384,-896
384,-896
384,-896
-1024,320
-1024,320
-992,352
-992,352
-992,352
-992,352
-992,352
-992,352
-960,320
-960,320
0,0
0,0
0,0
0,0
0,0
0,0
0,0
0,0
0,0
0,0
384,-768
384,-768
384,-768
384,-768
384,-768
384,-768
384,-768
384,-768
384,-768
384,-768
-352,320
-352,320
-352,288
-352,288
-352,288
-352,288
-352,288
-352,288
-352,288
-352,288
0,0
0,0
0,32
0,32
0,0
0,0
0,0
0,0
0,0
0,0
384,-1472
384,-1472
384,-1472
384,-1472
384,-1472
384,-1472
384,-1472
384,-1472
384,-1472
384,-1472
-960,544
-960,544
-960,544
-960,544
-960,576
-960,576
-992,544
-992,544
-960,544
-960,544
0,0
0,0
0,0
0,0
0,0
0,0
0,0
0,0
0,32
0,32
192,-1440
192,-1440
192,-1440
192,-1440
192,-1440
192,-1440
192,-1440
192,-1440
192,-1408
192,-1408
-448,544
-448,544
-448,544
-448,544
-448,544
-448,544
-448,544
-448,544
-448,544
-448,544
0,32
0,32
32,32
32,32
32,32
32,32
0,32
0,32
0,32
0,32
192,-1504
192,-1504
224,-1504
224,-1504
192,-1504
192,-1504
192,-1504
192,-1504
192,-1504
192,-1504
-576,576
-576,576
-576,576
-576,576
-576,576
-576,576
-576,576
-576,576
-576,576
-576,576
0,32
0,32
0,32
0,32
0,32
0,32
0,32
0,32
0,32
0,32
192,-1376
192,-1376
192,-1376
192,-1376
192,-1376
192,-1376
192,-1376
192,-1376
192,-1376
192,-1376
-2464,512
-2464,512
-2464,512
-2464,512
-2464,512
-2464,512
-2432,512
-2432,512
-2464,512
-2464,512
0,0
0,0
0,0
0,0
0,0
0,0
0,0
0,0
0,0
0,0
384,-800
384,-800
384,-768
384,-768
384,-800
384,-800
384,-800
384,-800
384,-768
384,-768
-768,288
-768,288
-768,288
-768,288
-768,288
-768,288
-768,288
-768,288
-768,288
-768,288
32,0
32,0
0,0
0,0
0,0
0,0
32,32
32,32
0,32
0,32
352,-864
352,-864
352,-864
352,-864
352,-864
352,-864
384,-864
384,-864
352,-864
352,-864
-384,352
-384,352
-384,320
-384,320
-384,352
-384,352
-384,320
-384,320
-416,352
-416,352
0,32
0,32
0,32
0,32
0,0
0,0
0,0
0,0
0,0
0,0
192,-1504
192,-1504
192,-1472
192,-1472
192,-1504
192,-1504
192,-1504
192,-1504
192,-1504
192,-1504
-512,576
-512,576
-512,576
-512,576
-512,576
-512,576
-512,576
-512,576
-512,576
-512,576
0,32
0,32
32,32
32,32
0,32
0,32
0,32
0,32
0,32
0,32
192,-1472
192,-1472
192,-1472
192,-1472
192,-1472
192,-1472
192,-1472
192,-1472
192,-1472
192,-1472
-544,544
-544,544
-544,544
-544,544
-512,544
-512,544
-544,544
-544,544
-544,544
-544,544
0,32
0,32
0,32
0,32
0,32
0,32
0,32
0,32
0,32
0,32
192,-1312
192,-1312
224,-1312
224,-1312
192,-1312
192,-1312
192,-1312
192,-1312
192,-1312
192,-1312
-480,480
-480,480
-448,512
-448,512
-480,480
-480,480
-480,512
-480,512
-480,512
-480,512
0,32
0,32
0,32
0,32
0,32
0,32
0,32
0,32
0,32
0,32
192,-1344
192,-1344
192,-1344
192,-1344
192,-1344
192,-1344
192,-1344
192,-1344
192,-1344
192,-1344
-480,512
-480,512
-480,512
-480,512
-480,512
-480,512
-480,480
-480,480
-480,512
-480,512
0,32
0,32
0,32
0,32
0,32
0,32
0,32
0,32
0,32
0,32
192,-1344
192,-1344
192,-1344
192,-1344
192,-1344
192,-1344
192,-1344
192,-1344
192,-1344
192,-1344
-416,512
-416,512
-384,512
-384,512
-384,512
-384,512
-384,512
-384,512
-416,512
-416,512
0,0
0,0
0,32
0,32
0,32
0,32
0,32
0,32
0,32
0,32
192,-1472
192,-1472
192,-1472
192,-1472
192,-1472
192,-1472
192,-1472
192,-1472
192,-1472
192,-1472
-512,576
-512,576
-512,576
-512,576
-512,544
-512,544
-512,576
-512,576
-512,576
-512,576
0,0
0,0
0,32
0,32
0,0
0,0
0,0
0,0
0,32
0,32
384,-1472
384,-1472
384,-1472
384,-1472
384,-1472
384,-1472
384,-1472
384,-1472
384,-1472
384,-1472
-992,576
-992,576
-992,576
-992,576
-992,544
-992,544
-992,576
-992,576
-992,544
-992,544
0,0
0,0
0,0
0,0
0,0
0,0
0,0
0,0
0,0
0,0
416,-1408
416,-1408
384,-1408
384,-1408
416,-1408
416,-1408
384,-1408
384,-1408
384,-1408
384,-1408
-2528,512
-2528,512
-2528,512
-2528,512
-2528,512
-2528,512
-2496,512
-2496,512
-2528,512
-2528,512
32,32
32,32
32,32
32,32
32,0
32,0
32,32
32,32
32,0
32,0
416,-800
416,-800
416,-800
416,-800
416,-832
416,-832
384,-800
384,-800
384,-800
384,-800
-256,320
-256,320
-224,320
-224,320
-224,320
-224,320
-224,352
-224,352
-224,320
-224,320
0,32
0,32
0,32
0,32
0,32
0,32
0,32
0,32
0,32
0,32
224,-2208
224,-2208
224,-2176
224,-2176
192,-2176
192,-2176
224,-2176
224,-2176
224,-2176
224,-2176
-1216,832
-1216,832
-1216,832
-1216,832
-1216,800
-1216,800
-1184,800
-1184,800
-1184,800
-1184,800
32,0
32,0
32,32
32,32
32,32
32,32
32,32
32,32
0,32
0,32
192,-1440
192,-1440
224,-1440
224,-1440
192,-1408
192,-1408
192,-1440
192,-1440
192,-1440
192,-1440
-448,544
-448,544
-448,544
-448,544
-448,544
-448,544
-448,544
-448,544
-448,544
-448,544
0,0
0,0
0,32
0,32
0,0
0,0
0,0
0,0
0,32
0,32
384,-1472
384,-1472
384,-1472
384,-1472
384,-1472
384,-1472
384,-1472
384,-1472
384,-1472
384,-1472
-1024,576
-1024,576
-1024,576
-1024,576
-1024,576
-1024,576
-1024,576
-1024,576
-1024,544
-1024,544
32,0
32,0
32,32
32,32
0,0
0,0
32,32
32,32
32,0
32,0
384,-1376
384,-1376
384,-1376
384,-1376
384,-1376
384,-1376
384,-1376
384,-1376
384,-1376
384,-1376
-2560,512
-2560,512
-2560,512
-2560,512
-2560,512
-2560,512
-2528,512
-2528,512
-2528,512
-2528,512
32,32
32,32
32,0
32,0
32,32
32,32
32,0
32,0
32,0
32,0
384,-800
384,-800
384,-800
384,-800
384,-800
384,-800
384,-800
384,-800
384,-800
384,-800
-768,288
-768,288
-768,288
-768,288
-768,288
-768,288
-768,288
-768,288
-768,288
-768,288
0,0
0,0
0,0
0,0
0,0
0,0
0,0
0,0
0,0
0,0
384,-800
384,-800
384,-800
384,-800
384,-800
384,-800
384,-832
384,-832
384,-832
384,-832
-832,288
-832,288
-864,320
-864,320
-832,288
-832,288
-800,288
-800,288
-768,288
-768,288
0,32
0,32
32,0
32,0
32,32
32,32
32,0
32,0
0,0
0,0
352,-864
352,-864
352,-864
352,-864
352,-864
352,-864
352,-832
352,-832
352,-864
352,-864
-416,352
-416,352
-384,320
-384,320
-384,352
-384,352
-416,352
-416,352
-384,352
-384,352
0,0
0,0
0,32
0,32
0,32
0,32
32,32
32,32
0,32
0,32
384,-1600
384,-1600
384,-1600
384,-1600
384,-1600
384,-1600
384,-1568
384,-1568
384,-1568
384,-1568
-576,608
-576,608
-576,608
-576,608
-576,608
-576,608
-576,576
-576,576
-576,608
-576,608
0,0
0,0
0,0
0,0
0,0
0,0
0,0
0,0
0,32
0,32
192,-2208
192,-2208
192,-2208
192,-2208
192,-2208
192,-2208
224,-2208
224,-2208
192,-2208
192,-2208
-1152,800
-1152,800
-1120,800
-1120,800
-1120,800
-1120,800
-1120,800
-1120,800
-1088,800
-1088,800
0,0
0,0
0,0
0,0
0,0
0,0
0,0
0,0
0,0
0,0
192,-1376
192,-1376
192,-1376
192,-1376
192,-1376
192,-1376
192,-1376
192,-1376
192,-1376
192,-1376
-544,512
-544,512
-544,512
-544,512
-544,512
-544,512
-544,512
-544,512
-544,512
-544,512
-32,32
-32,32
0,0
0,0
0,0
0,0
0,32
0,32
0,0
0,0
192,-1248
192,-1248
192,-1248
192,-1248
192,-1248
192,-1248
192,-1280
192,-1280
224,-1280
224,-1280
-1984,448
-1984,448
-2048,480
-2048,480
-2016,480
-2016,480
-2016,448
-2016,448
-1984,448
-1984,448
32,32
32,32
32,32
32,32
32,32
32,32
32,0
32,0
32,0
32,0
384,-672
384,-672
384,-672
384,-672
384,-704
384,-704
384,-704
384,-704
384,-704
384,-704
-608,256
-608,256
-608,256
-608,256
-608,256
-608,256
-608,256
-608,256
-608,256
-608,256
0,0
0,0
32,32
32,32
0,32
0,32
32,32
32,32
0,0
0,0
320,-768
320,-768
352,-800
352,-800
352,-800
352,-800
352,-768
352,-768
320,-768
320,-768
-352,288
-352,288
-352,320
-352,320
-352,288
-352,288
-352,288
-352,288
-352,288
-352,288
0,0
0,0
0,0
0,0
0,0
0,0
0,0
0,0
0,0
0,0
192,-1280
192,-1280
192,-1312
192,-1312
192,-1280
192,-1280
192,-1312
192,-1312
192,-1280
192,-1280
-384,480
-384,480
-384,480
-384,480
-384,480
-384,480
-384,480
-384,480
-384,480
-384,480
0,32
0,32
0,32
0,32
0,32
0,32
0,32
0,32
0,0
0,0
192,-1472
192,-1472
192,-1472
192,-1472
192,-1440
192,-1440
192,-1472
192,-1472
192,-1472
192,-1472
-544,544
-544,544
-544,544
-544,544
-544,544
-544,544
-544,544
-544,544
-544,544
-544,544
0,32
0,32
0,32
0,32
0,32
0,32
0,32
0,32
0,32
0,32
192,-1344
192,-1344
224,-1344
224,-1344
192,-1344
192,-1344
192,-1344
192,-1344
192,-1312
192,-1312
-480,512
-480,512
-480,512
-480,512
-480,480
-480,480
-480,480
-480,480
-480,480
-480,480
0,32
0,32
0,32
0,32
0,32
0,32
0,32
0,32
0,32
0,32
192,-1280
192,-1280
160,-1280
160,-1280
192,-1280
192,-1280
160,-1280
160,-1280
192,-1280
192,-1280
-480,480
-480,480
-480,480
-480,480
-480,448
-480,448
-448,448
-448,448
-480,480
-480,480
0,0
0,0
-32,0
-32,0
-32,0
-32,0
-32,0
-32,0
-32,0
-32,0
192,-1280
192,-1280
192,-1280
192,-1280
192,-1280
192,-1280
192,-1280
192,-1280
192,-1280
192,-1280
-384,480
-384,480
-384,480
-384,480
-384,448
-384,448
-384,448
-384,448
-384,448
-384,448
0,0
0,0
0,0
0,0
0,0
0,0
0,0
0,0
0,0
0,0
192,-1536
192,-1536
192,-1536
192,-1536
192,-1536
192,-1536
192,-1536
192,-1536
192,-1536
192,-1536
-1056,576
-1056,576
-1056,576
-1056,576
-1056,576
-1056,576
-1024,576
-1024,576
-1024,576
-1024,576
0,0
0,0
0,0
0,0
0,0
0,0
0,0
0,0
0,0
0,0
352,-1024
352,-1024
352,-1024
352,-1024
352,-1024
352,-1024
352,-1024
352,-1024
352,-1024
352,-1024
-544,384
-544,384
-544,384
-544,384
-544,384
-544,384
-544,384
-544,384
-544,384
-544,384
0,0
0,0
0,32
0,32
0,32
0,32
0,0
0,0
0,32
0,32
416,-1344
416,-1344
384,-1376
384,-1376
384,-1376
384,-1376
384,-1344
384,-1344
384,-1344
384,-1344
-2208,512
-2208,512
-2176,512
-2176,512
-2208,512
-2208,512
-2240,512
-2240,512
-2272,512
-2272,512
32,32
32,32
32,32
32,32
32,32
32,32
32,32
32,32
32,0
32,0
192,-864
192,-864
192,-864
192,-864
192,-864
192,-864
192,-864
192,-864
192,-864
192,-864
-256,320
-256,320
-224,320
-224,320
-256,320
-256,320
-224,320
-224,320
-224,320
-224,320
0,32
0,32
0,32
0,32
0,32
0,32
0,32
0,32
0,32
0,32
224,-1248
224,-1248
192,-1248
192,-1248
192,-1248
192,-1248
224,-1248
224,-1248
224,-1248
224,-1248
-448,480
-448,480
-416,480
-416,480
-416,480
-416,480
-416,480
-416,480
-384,480
-384,480
0,0
0,0
0,0
0,0
0,0
0,0
0,0
0,0
0,0
0,0
160,-1632
160,-1632
160,-1632
160,-1632
192,-1600
192,-1600
192,-1632
192,-1632
192,-1632
192,-1632
-576,576
-576,576
-576,576
-576,576
-576,576
-576,576
-576,576
-576,576
-576,576
-576,576
-32,0
-32,0
-32,0
-32,0
0,0
0,0
0,0
0,0
-32,0
-32,0
352,-1376
352,-1376
384,-1376
384,-1376
384,-1376
384,-1376
384,-1376
384,-1376
384,-1376
384,-1376
-864,512
-864,512
-864,512
-864,512
-832,480
-832,480
-864,512
-864,512
-864,480
-864,480
0,0
0,0
0,0
0,0
0,32
0,32
0,0
0,0
0,32
0,32
384,-1536
384,-1536
384,-1536
384,-1536
384,-1536
384,-1536
384,-1536
384,-1536
384,-1536
384,-1536
-2944,576
-2944,576
-2944,544
-2944,544
-2976,576
-2976,576
-2976,544
-2976,544
-2944,576
-2944,576
32,0
32,0
32,0
32,0
32,0
32,0
32,0
32,0
32,0
32,0
416,-896
416,-896
416,-896
416,-896
416,-896
416,-896
416,-896
416,-896
384,-896
384,-896
-928,320
-928,320
-928,320
-928,320
-960,320
-960,320
-928,320
-928,320
-928,320
-928,320
32,0
32,0
32,32
32,32
32,0
32,0
0,0
0,0
0,0
0,0
384,-800
384,-800
384,-800
384,-800
384,-800
384,-800
384,-800
384,-800
384,-800
384,-800
-800,288
-800,288
-768,288
-768,288
-736,288
-736,288
-768,288
-768,288
-768,288
-768,288
0,0
0,0
0,0
0,0
32,32
32,32
0,0
0,0
32,0
32,0
352,-864
352,-864
352,-864
352,-864
352,-864
352,-864
352,-864
352,-864
352,-864
352,-864
-416,320
-416,320
-416,320
-416,320
-416,320
-416,320
-416,320
-416,320
-384,352
-384,352
0,0
0,0
0,0
0,0
0,0
0,0
0,0
0,0
0,32
0,32
384,-1504
384,-1504
384,-1504
384,-1504
384,-1504
384,-1504
384,-1504
384,-1504
384,-1504
384,-1504
-512,544
-512,544
-512,544
-512,544
-512,576
-512,576
-512,544
-512,544
-512,544
-512,544
0,0
0,0
0,0
0,0
0,0
0,0
0,0
0,0
0,0
0,0
192,-2144
192,-2144
192,-2144
192,-2144
160,-2144
160,-2144
160,-2144
160,-2144
160,-2144
160,-2144
-1024,800
-1024,800
-1056,800
-1056,800
-1024,768
-1024,768
-1024,768
-1024,768
-1024,768
-1024,768
0,0
0,0
0,32
0,32
0,0
0,0
0,32
0,32
0,0
0,0
192,-1248
192,-1248
192,-1248
192,-1248
192,-1248
192,-1248
192,-1248
192,-1248
192,-1248
192,-1248
-416,448
-416,448
-416,448
-416,448
-416,448
-416,448
-416,448
-416,448
-416,480
-416,480
0,32
0,32
0,32
0,32
0,32
0,32
0,32
0,32
0,32
0,32
384,-1376
384,-1376
416,-1376
416,-1376
384,-1376
384,-1376
384,-1376
384,-1376
384,-1376
384,-1376
-2432,512
-2432,512
-2400,512
-2400,512
-2400,512
-2400,512
-2432,512
-2432,512
-2400,512
-2400,512
32,0
32,0
32,0
32,0
32,0
32,0
32,0
32,0
32,0
32,0
384,-832
384,-832
416,-832
416,-832
384,-832
384,-832
384,-832
384,-832
416,-832
416,-832
-384,352
-384,352
-416,320
-416,320
-384,320
-384,320
-416,320
-416,320
-384,352
-384,352
32,32
32,32
32,0
32,0
0,32
0,32
0,32
0,32
32,32
32,32
384,-1696
384,-1696
416,-1696
416,-1696
416,-1696
416,-1696
384,-1696
384,-1696
384,-1696
384,-1696
-1248,640
-1248,640
-1280,640
-1280,640
-1248,640
-1248,640
-1248,640
-1248,640
-1248,640
-1248,640
32,32
32,32
32,32
32,32
0,32
0,32
32,32
32,32
0,0
0,0
192,-1376
192,-1376
192,-1376
192,-1376
192,-1376
192,-1376
192,-1376
192,-1376
192,-1376
192,-1376
-448,512
-448,512
-416,544
-416,544
-448,512
-448,512
-448,512
-448,512
-416,512
-416,512
0,0
0,0
0,0
0,0
0,0
0,0
0,0
0,0
0,0
0,0
192,-1472
192,-1472
192,-1472
192,-1472
192,-1440
192,-1440
192,-1472
192,-1472
192,-1472
192,-1472
-576,544
-576,544
-576,544
-576,544
-576,544
-576,544
-544,544
-544,544
-544,544
-544,544
0,32
0,32
0,32
0,32
0,32
0,32
0,32
0,32
0,32
0,32
192,-1344
192,-1344
192,-1344
192,-1344
192,-1344
192,-1344
192,-1344
192,-1344
192,-1344
192,-1344
-480,480
-480,480
-480,480
-480,480
-480,480
-480,480
-512,480
-512,480
-512,480
-512,480
0,32
0,32
-32,32
-32,32
-32,0
-32,0
-32,32
-32,32
-32,0
-32,0
192,-1184
192,-1184
192,-1184
192,-1184
192,-1216
192,-1216
192,-1184
192,-1184
192,-1184
192,-1184
-416,480
-416,480
-416,480
-416,480
-416,480
-416,480
-416,480
-416,480
-416,448
-416,448
0,32
0,32
0,32
0,32
0,32
0,32
0,32
0,32
0,32
0,32
192,-1472
192,-1472
192,-1440
192,-1440
192,-1472
192,-1472
192,-1472
192,-1472
192,-1440
192,-1440
-512,544
-512,544
-480,544
-480,544
-480,544
-480,544
-480,544
-480,544
-480,544
-480,544
0,32
0,32
0,0
0,0
0,0
0,0
0,32
0,32
0,0
0,0
192,-1440
192,-1440
192,-1440
192,-1440
192,-1440
192,-1440
192,-1440
192,-1440
192,-1440
192,-1440
-896,544
-896,544
-928,544
-928,544
-928,544
-928,544
-928,544
-928,544
-928,544
-928,544
32,0
32,0
32,32
32,32
0,0
0,0
0,32
0,32
0,32
0,32
384,-992
384,-992
384,-1024
384,-1024
384,-1024
384,-1024
384,-992
384,-992
384,-992
384,-992
-544,384
-544,384
-544,384
-544,384
-544,384
-544,384
-544,416
-544,416
-544,416
-544,416
0,32
0,32
32,0
32,0
0,32
0,32
0,32
0,32
0,32
0,32
384,-1568
384,-1568
416,-1536
416,-1536
416,-1568
416,-1568
416,-1568
416,-1568
416,-1568
416,-1568
-3136,576
-3136,576
-3264,576
-3264,576
-3136,576
-3136,576
-3168,576
-3168,576
-3168,576
-3168,576
64,0
64,0
32,32
32,32
64,32
64,32
32,32
32,32
32,0
32,0
192,-896
192,-896
192,-896
192,-896
192,-864
192,-864
192,-896
192,-896
192,-896
192,-896
-224,320
-224,320
-224,320
-224,320
-256,352
-256,352
-224,320
-224,320
-224,320
-224,320
0,32
0,32
0,32
0,32
0,32
0,32
0,32
0,32
0,32
0,32
192,-1280
192,-1280
192,-1280
192,-1280
192,-1280
192,-1280
192,-1280
192,-1280
192,-1280
192,-1280
-384,480
-384,480
-384,480
-384,480
-384,480
-384,480
-384,448
-384,448
-384,480
-384,480
0,0
0,0
-32,0
-32,0
0,0
0,0
-32,0
-32,0
-32,0
-32,0
192,-1440
192,-1440
192,-1440
192,-1440
192,-1440
192,-1440
192,-1440
192,-1440
192,-1440
192,-1440
-448,544
-448,544
-448,544
-448,544
-480,512
-480,512
-448,512
-448,512
-480,512
-480,512
0,32
0,32
0,0
0,0
0,0
0,0
0,0
0,0
0,0
0,0
384,-1536
384,-1536
384,-1536
384,-1536
384,-1536
384,-1536
384,-1536
384,-1536
384,-1536
384,-1536
-1056,576
-1056,576
-1024,576
-1024,576
-1056,576
-1056,576
-1024,576
-1024,576
-1056,576
-1056,576
32,0
32,0
0,0
0,0
0,0
0,0
0,0
0,0
0,0
0,0
416,-1440
416,-1440
416,-1440
416,-1440
384,-1440
384,-1440
416,-1440
416,-1440
384,-1440
384,-1440
-2592,512
-2592,512
-2592,512
-2592,512
-2560,512
-2560,512
-2560,544
-2560,544
-2592,512
-2592,512
32,32
32,32
32,0
32,0
32,0
32,0
32,0
32,0
32,0
32,0
384,-832
384,-832
384,-800
384,-800
416,-800
416,-800
416,-800
416,-800
384,-800
384,-800
-864,320
-864,320
-864,320
-864,320
-832,320
-832,320
-864,320
-864,320
-832,320
-832,320
32,0
32,0
0,0
0,0
0,32
0,32
0,32
0,32
0,32
0,32
416,-832
416,-832
416,-832
416,-832
416,-832
416,-832
416,-832
416,-832
384,-832
384,-832
-896,320
-896,320
-896,320
-896,320
-896,320
-896,320
-896,320
-896,320
-896,320
-896,320
0,0
0,0
0,0
0,0
0,0
0,0
0,32
0,32
32,0
32,0
352,-864
352,-864
352,-864
352,-864
352,-864
352,-864
352,-864
352,-864
352,-864
352,-864
-416,320
-416,320
-416,320
-416,320
-416,320
-416,320
-416,352
-416,352
-416,320
-416,320
0,0
0,0
0,0
0,0
0,0
0,0
0,0
0,0
0,0
0,0
192,-1280
192,-1280
192,-1280
192,-1280
192,-1280
192,-1280
192,-1280
192,-1280
192,-1280
192,-1280
-384,480
-384,480
-384,448
-384,448
-384,480
-384,480
-384,480
-384,480
-384,480
-384,480
0,0
0,0
0,0
0,0
0,0
0,0
0,0
0,0
0,32
0,32
192,-1440
192,-1440
192,-1440
192,-1440
192,-1440
192,-1440
192,-1440
192,-1440
192,-1440
192,-1440
-480,512
-480,512
-480,512
-480,512
-480,512
-480,512
-480,512
-480,512
-480,512
-480,512
0,32
0,32
0,32
0,32
0,32
0,32
0,32
0,32
0,32
0,32
192,-1344
192,-1344
192,-1344
192,-1344
192,-1344
192,-1344
192,-1312
192,-1312
192,-1344
192,-1344
-480,512
-480,512
-480,480
-480,480
-480,512
-480,512
-480,512
-480,512
-480,512
-480,512
0,32
0,32
0,32
0,32
0,32
0,32
0,0
0,0
0,32
0,32
384,-1344
384,-1344
416,-1312
416,-1312
416,-1344
416,-1344
416,-1312
416,-1312
416,-1344
416,-1344
-2208,512
-2208,512
-2208,512
-2208,512
-2208,480
-2208,480
-2176,480
-2176,480
-2240,480
-2240,480
32,32
32,32
32,0
32,0
32,32
32,32
32,0
32,0
32,32
32,32
416,-832
416,-832
416,-832
416,-832
416,-864
416,-864
416,-832
416,-832
416,-864
416,-864
-384,320
-384,320
-384,320
-384,320
-384,320
-384,320
-416,320
-416,320
-384,352
-384,352
32,32
32,32
32,32
32,32
32,32
32,32
32,0
32,0
32,32
32,32
384,-1696
384,-1696
384,-1696
384,-1696
384,-1696
384,-1696
416,-1696
416,-1696
384,-1696
384,-1696
-1280,640
-1280,640
-1280,608
-1280,608
-1280,640
-1280,640
-1280,608
-1280,608
-1280,640
-1280,640
0,0
0,0
0,0
0,0
0,0
0,0
0,0
0,0
0,0
0,0
192,-1344
192,-1344
192,-1344
192,-1344
192,-1376
192,-1376
192,-1344
192,-1344
192,-1344
192,-1344
-416,480
-416,480
-416,480
-416,480
-416,480
-416,480
-416,512
-416,512
-416,512
-416,512
0,32
0,32
0,32
0,32
0,32
0,32
0,32
0,32
0,0
0,0
192,-1472
192,-1472
192,-1472
192,-1472
192,-1504
192,-1504
192,-1472
192,-1472
192,-1504
192,-1504
-576,544
-576,544
-576,576
-576,576
-576,576
-576,576
-576,544
-576,544
-576,544
-576,544
-32,32
-32,32
0,32
0,32
0,32
0,32
-32,32
-32,32
0,32
0,32
192,-1280
192,-1280
192,-1280
192,-1280
192,-1280
192,-1280
192,-1280
192,-1280
192,-1280
192,-1280
-480,480
-480,480
-480,480
-480,480
-480,480
-480,480
-480,480
-480,480
-480,480
-480,480
0,32
0,32
0,32
0,32
0,32
0,32
0,0
0,0
0,32
0,32
192,-1280
192,-1280
192,-1248
192,-1248
192,-1280
192,-1280
192,-1280
192,-1280
192,-1280
192,-1280
-448,480
-448,480
-448,480
-448,480
-448,480
-448,480
-448,480
-448,480
-448,480
-448,480
0,32
0,32
0,32
0,32
0,0
0,0
0,0
0,0
0,0
0,0
192,-1312
192,-1312
192,-1312
192,-1312
192,-1312
192,-1312
192,-1312
192,-1312
192,-1312
192,-1312
-384,512
-384,512
-416,512
-416,512
-384,480
-384,480
-416,480
-416,480
-384,512
-384,512
0,0
0,0
0,0
0,0
-32,0
-32,0
-32,0
-32,0
0,0
0,0
384,-1568
384,-1568
384,-1568
384,-1568
384,-1568
384,-1568
384,-1568
384,-1568
384,-1568
384,-1568
-1056,544
-1056,544
-1056,576
-1056,576
-1056,576
-1056,576
-1056,544
-1056,544
-1024,576
-1024,576
0,0
0,0
0,32
0,32
0,0
0,0
0,0
0,0
0,32
0,32
384,-1472
384,-1472
384,-1472
384,-1472
384,-1472
384,-1472
384,-1472
384,-1472
416,-1472
416,-1472
-2592,544
-2592,544
-2592,544
-2592,544
-2592,544
-2592,544
-2592,544
-2592,544
-2592,544
-2592,544
0,0
0,0
0,0
0,0
0,0
0,0
0,0
0,0
0,0
0,0
384,-896
384,-896
416,-896
416,-896
384,-928
384,-928
384,-896
384,-896
384,-896
384,-896
-1024,352
-1024,352
-1024,352
-1024,352
-1056,352
-1056,352
-1024,352
-1024,352
-992,320
-992,320
0,32
0,32
0,32
0,32
0,0
0,0
0,0
0,0
0,32
0,32
192,-832
192,-832
192,-832
192,-832
192,-832
192,-832
192,-832
192,-832
192,-832
192,-832
-224,288
-224,288
-224,288
-224,288
-224,320
-224,320
-224,320
-224,320
-224,320
-224,320
0,32
0,32
0,32
0,32
0,32
0,32
0,32
0,32
0,32
0,32
160,-1376
160,-1376
160,-1376
160,-1376
192,-1376
192,-1376
192,-1376
192,-1376
192,-1376
192,-1376
-448,512
-448,512
-416,512
-416,512
-416,512
-416,512
-416,512
-416,512
-416,512
-416,512
0,0
0,0
0,0
0,0
0,0
0,0
0,0
0,0
-32,0
-32,0
160,-1472
160,-1472
192,-1472
192,-1472
192,-1472
192,-1472
192,-1472
192,-1472
192,-1472
192,-1472
-512,544
-512,544
-480,544
-480,544
-480,544
-480,544
-480,544
-480,544
-512,544
-512,544
0,32
0,32
0,0
0,0
0,32
0,32
0,0
0,0
0,0
0,0
384,-1568
384,-1568
384,-1568
384,-1568
384,-1568
384,-1568
384,-1568
384,-1568
384,-1568
384,-1568
-1088,576
-1088,576
-1088,576
-1088,576
-1088,576
-1088,576
-1088,576
-1088,576
-1088,576
-1088,576
0,0
0,0
0,0
0,0
0,0
0,0
0,0
0,0
0,0
0,0
384,-1408
384,-1408
384,-1408
384,-1408
384,-1408
384,-1408
416,-1408
416,-1408
384,-1408
384,-1408
-2560,512
-2560,512
-2528,512
-2528,512
-2560,512
-2560,512
-2560,512
-2560,512
-2528,512
-2528,512
32,32
32,32
32,0
32,0
32,0
32,0
32,0
32,0
32,0
32,0
384,-832
384,-832
384,-832
384,-832
384,-832
384,-832
384,-832
384,-832
384,-832
384,-832
-896,320
-896,320
-896,320
-896,320
-896,320
-896,320
-864,320
-864,320
-864,320
-864,320
0,0
0,0
0,0
0,0
0,0
0,0
0,0
0,0
0,0
0,0
384,-832
384,-832
384,-832
384,-832
384,-832
384,-832
384,-864
384,-864
384,-864
384,-864
-896,352
-896,352
-864,320
-864,320
-896,320
-896,320
-896,320
-896,320
-896,320
-896,320
32,0
32,0
32,32
32,32
32,0
32,0
0,0
0,0
32,0
32,0
352,-864
352,-864
352,-864
352,-864
352,-864
352,-864
352,-864
352,-864
352,-864
352,-864
-384,320
-384,320
-384,320
-384,320
-384,352
-384,352
-416,352
-416,352
-384,320
-384,320
0,0
0,0
0,0
0,0
0,0
0,0
0,0
0,0
0,0
0,0
192,-1344
192,-1344
192,-1344
192,-1344
192,-1344
192,-1344
192,-1344
192,-1344
192,-1344
192,-1344
-416,512
-416,512
-416,512
-416,512
-416,480
-416,480
-416,512
-416,512
-416,480
-416,480
0,0
0,0
0,32
0,32
0,32
0,32
0,32
0,32
32,0
32,0
192,-1344
192,-1344
192,-1376
192,-1376
192,-1376
192,-1376
192,-1344
192,-1344
192,-1376
192,-1376
-512,544
-512,544
-480,512
-480,512
-512,512
-512,512
-512,512
-512,512
-512,512
-512,512
0,32
0,32
0,32
0,32
0,32
0,32
0,32
0,32
0,32
0,32
192,-1088
192,-1088
192,-1088
192,-1088
192,-1088
192,-1088
192,-1088
192,-1088
224,-1088
224,-1088
-384,416
-384,416
-384,416
-384,416
-384,448
-384,448
-384,416
-384,416
-384,416
-384,416
0,32
0,32
0,32
0,32
32,32
32,32
0,32
0,32
0,32
0,32
416,-1376
416,-1376
384,-1376
384,-1376
384,-1344
384,-1344
416,-1376
416,-1376
416,-1376
416,-1376
-2528,512
-2528,512
-2528,512
-2528,512
-2528,512
-2528,512
-2528,512
-2528,512
-2496,512
-2496,512
32,0
32,0
32,0
32,0
32,32
32,32
32,0
32,0
32,0
32,0
352,-864
352,-864
352,-864
352,-864
352,-864
352,-864
352,-864
352,-864
352,-864
352,-864
-416,320
-416,320
-416,320
-416,320
-416,320
-416,320
-384,320
-384,320
-384,320
-384,320
0,32
0,32
0,0
0,0
0,0
0,0
0,32
0,32
0,0
0,0
384,-1344
384,-1344
384,-1344
384,-1344
384,-1344
384,-1344
384,-1344
384,-1344
384,-1344
384,-1344
-384,512
-384,512
-416,480
-416,480
-416,512
-416,512
-416,512
-416,512
-416,480
-416,480
0,0
0,0
0,0
0,0
0,0
0,0
0,0
0,0
0,0
0,0
192,-2176
192,-2176
192,-2176
192,-2176
192,-2176
192,-2176
192,-2176
192,-2176
192,-2176
192,-2176
-1056,800
-1056,800
-1056,800
-1056,800
-1056,800
-1056,800
-1056,800
-1056,800
-1056,800
-1056,800
0,0
0,0
0,0
0,0
0,32
0,32
0,32
0,32
0,32
0,32
192,-1408
192,-1408
192,-1376
192,-1376
192,-1376
192,-1376
192,-1408
192,-1408
192,-1376
192,-1376
-512,544
-512,544
-512,544
-512,544
-512,544
-512,544
-512,512
-512,512
-512,512
-512,512
0,32
0,32
0,32
0,32
0,32
0,32
0,32
0,32
0,32
0,32
192,-1280
192,-1280
192,-1280
192,-1280
192,-1280
192,-1280
192,-1280
192,-1280
224,-1280
224,-1280
-480,512
-480,512
-480,480
-480,480
-480,480
-480,480
-448,480
-448,480
-480,480
-480,480
0,32
0,32
0,32
0,32
0,32
0,32
0,32
0,32
0,64
0,64
192,-1376
192,-1376
192,-1408
192,-1408
192,-1408
192,-1408
192,-1408
192,-1408
192,-1408
192,-1408
-512,512
-512,512
-544,544
-544,544
-512,544
-512,544
-512,512
-512,512
-512,544
-512,544
0,0
0,0
0,0
0,0
0,0
0,0
0,32
0,32
0,0
0,0
192,-1376
192,-1376
192,-1376
192,-1376
192,-1376
192,-1376
192,-1376
192,-1376
192,-1376
192,-1376
-448,512
-448,512
-448,512
-448,512
-448,512
-448,512
-448,512
-448,512
-448,512
-448,512
0,32
0,32
0,0
0,0
0,0
0,0
0,0
0,0
0,0
0,0
384,-1440
384,-1440
384,-1408
384,-1408
384,-1408
384,-1408
384,-1440
384,-1440
384,-1408
384,-1408
-928,544
-928,544
-928,512
-928,512
-928,512
-928,512
-928,512
-928,512
-928,544
-928,544
32,0
32,0
0,32
0,32
0,0
0,0
0,32
0,32
0,0
0,0
384,-1472
384,-1472
384,-1472
384,-1472
384,-1472
384,-1472
384,-1472
384,-1472
384,-1472
384,-1472
-2880,544
-2880,544
-2848,544
-2848,544
-2784,544
-2784,544
-2784,544
-2784,544
-2752,544
-2752,544
32,32
32,32
32,32
32,32
32,32
32,32
32,32
32,32
32,32
32,32
416,-832
416,-832
416,-832
416,-832
416,-832
416,-832
416,-832
416,-832
416,-832
416,-832
-896,320
-896,320
-896,320
-896,320
-896,320
-896,320
-864,352
-864,352
-864,320
-864,320
0,0
0,0
0,0
0,0
0,32
0,32
0,32
0,32
0,32
0,32
192,-896
192,-896
192,-896
192,-896
192,-864
192,-864
192,-864
192,-864
192,-864
192,-864
-256,320
-256,320
-224,320
-224,320
-256,320
-256,320
-224,320
-224,320
-224,320
-224,320
0,32
0,32
0,32
0,32
0,32
0,32
0,32
0,32
0,32
0,32
192,-1376
192,-1376
192,-1376
192,-1376
224,-1376
224,-1376
192,-1376
192,-1376
192,-1376
192,-1376
-416,512
-416,512
-448,512
-448,512
-416,512
-416,512
-416,512
-416,512
-416,512
-416,512
0,0
0,0
0,0
0,0
0,32
0,32
0,32
0,32
0,32
0,32
192,-1472
192,-1472
192,-1472
192,-1472
192,-1504
192,-1504
192,-1504
192,-1504
192,-1472
192,-1472
-1024,576
-1024,576
-1024,544
-1024,544
-1024,576
-1024,576
-1024,576
-1024,576
-1024,576
-1024,576
0,0
0,0
0,0
0,0
0,0
0,0
0,32
0,32
0,0
0,0
384,-1024
384,-1024
352,-1024
352,-1024
352,-1024
352,-1024
352,-1024
352,-1024
352,-1056
352,-1056
-544,416
-544,416
-576,384
-576,384
-544,384
-544,384
-544,384
-544,384
-544,384
-544,384
0,0
0,0
0,0
0,0
0,0
0,0
0,0
0,0
0,0
0,0
384,-1376
384,-1376
384,-1376
384,-1376
384,-1376
384,-1376
384,-1376
384,-1376
384,-1376
384,-1376
-2208,512
-2208,512
-2208,512
-2208,512
-2208,480
-2208,480
-2208,480
-2208,480
-2208,480
-2208,480
32,0
32,0
32,32
32,32
32,32
32,32
32,32
32,32
32,32
32,32
416,-800
416,-800
384,-800
384,-800
384,-800
384,-800
384,-800
384,-800
384,-800
384,-800
-832,288
-832,288
-832,288
-832,288
-800,320
-800,320
-800,320
-800,320
-800,320
-800,320
0,0
0,0
0,0
0,0
0,0
0,0
0,0
0,0
0,0
0,0
384,-896
384,-896
384,-896
384,-896
416,-896
416,-896
384,-896
384,-896
384,-864
384,-864
-608,320
-608,320
-512,320
-512,320
-448,320
-448,320
-448,320
-448,320
-416,320
-416,320
0,32
0,32
0,0
0,0
32,0
32,0
0,0
0,0
0,32
0,32
416,-1472
416,-1472
416,-1440
416,-1440
384,-1472
384,-1472
384,-1472
384,-1472
384,-1472
384,-1472
-960,544
-960,544
-960,544
-960,544
-928,544
-928,544
-928,544
-928,544
-928,544
-928,544
0,0
0,0
32,32
32,32
32,0
32,0
32,32
32,32
0,32
0,32
192,-1440
192,-1440
192,-1440
192,-1440
192,-1440
192,-1440
192,-1440
192,-1440
192,-1440
192,-1440
-480,544
-480,544
-480,576
-480,576
-480,544
-480,544
-480,544
-480,544
-480,544
-480,544
0,0
0,0
0,0
0,0
0,0
0,0
0,0
0,0
0,0
0,0
192,-1440
192,-1440
192,-1440
192,-1440
192,-1440
192,-1440
192,-1440
192,-1440
192,-1440
192,-1440
-544,544
-544,544
-544,544
-544,544
-544,544
-544,544
-544,512
-544,512
-544,512
-544,512
0,32
0,32
0,32
0,32
0,32
0,32
0,32
0,32
0,32
0,32
192,-1280
192,-1280
192,-1248
192,-1248
192,-1248
192,-1248
192,-1248
192,-1248
192,-1248
192,-1248
-416,480
-416,480
-416,480
-416,480
-416,480
-416,480
-416,480
-416,480
-416,480
-416,480
0,0
0,0
0,0
0,0
0,0
0,0
0,0
0,0
0,32
0,32
384,-1376
384,-1376
384,-1376
384,-1376
384,-1376
384,-1376
384,-1376
384,-1376
384,-1376
384,-1376
-2464,512
-2464,512
-2400,512
-2400,512
-2432,512
-2432,512
-2432,512
-2432,512
-2400,512
-2400,512
32,32
32,32
32,0
32,0
32,32
32,32
32,32
32,32
32,0
32,0
384,-832
384,-832
352,-832
352,-832
352,-832
352,-832
352,-832
352,-832
384,-832
384,-832
-416,320
-416,320
-384,320
-384,320
-384,352
-384,352
-384,352
-384,352
-384,352
-384,352
0,32
0,32
0,0
0,0
0,32
0,32
0,32
0,32
0,0
0,0
384,-1600
384,-1600
384,-1600
384,-1600
384,-1600
384,-1600
384,-1600
384,-1600
384,-1600
384,-1600
-576,608
-576,608
-576,608
-576,608
-544,608
-544,608
-544,608
-544,608
-576,608
-576,608
0,32
0,32
0,32
0,32
0,0
0,0
0,32
0,32
0,32
0,32
192,-2208
192,-2208
192,-2208
192,-2208
192,-2176
192,-2176
192,-2176
192,-2176
192,-2208
192,-2208
-1056,832
-1056,832
-1056,800
-1056,800
-1056,800
-1056,800
-1056,800
-1056,800
-1056,800
-1056,800
0,32
0,32
0,32
0,32
0,32
0,32
0,32
0,32
0,32
0,32
192,-1408
192,-1408
192,-1376
192,-1376
192,-1376
192,-1376
160,-1376
160,-1376
192,-1376
192,-1376
-512,512
-512,512
-544,512
-544,512
-512,512
-512,512
-544,512
-544,512
-544,512
-544,512
-32,32
-32,32
-32,0
-32,0
0,0
0,0
-32,0
-32,0
0,32
0,32
192,-1248
192,-1248
192,-1280
192,-1280
192,-1280
192,-1280
192,-1248
192,-1248
192,-1280
192,-1280
-416,480
-416,480
-416,480
-416,480
-416,448
-416,448
-416,480
-416,480
-416,448
-416,448
0,32
0,32
0,32
0,32
0,32
0,32
0,32
0,32
0,32
0,32
224,-1280
224,-1280
192,-1280
192,-1280
192,-1280
192,-1280
192,-1248
192,-1248
192,-1248
192,-1248
-384,480
-384,480
-384,480
-384,480
-384,480
-384,480
-352,480
-352,480
-384,480
-384,480
0,0
0,0
0,0
0,0
0,0
0,0
0,0
0,0
0,32
0,32
192,-1472
192,-1472
192,-1472
192,-1472
192,-1472
192,-1472
192,-1472
192,-1472
192,-1472
192,-1472
-480,544
-480,544
-512,544
-512,544
-480,544
-480,544
-480,544
-480,544
-480,544
-480,544
0,0
0,0
0,32
0,32
0,32
0,32
0,32
0,32
0,32
0,32
384,-1440
384,-1440
384,-1440
384,-1440
384,-1440
384,-1440
384,-1440
384,-1440
384,-1440
384,-1440
-960,512
-960,512
-928,544
-928,544
-928,544
-928,544
-928,512
-928,512
-928,512
-928,512
0,0
0,0
32,0
32,0
0,0
0,0
0,0
0,0
32,0
32,0
384,-1376
384,-1376
384,-1376
384,-1376
416,-1376
416,-1376
384,-1376
384,-1376
384,-1376
384,-1376
-2336,512
-2336,512
-2304,512
-2304,512
-2304,512
-2304,512
-2272,512
-2272,512
-2272,512
-2272,512
32,0
32,0
32,32
32,32
32,32
32,32
32,0
32,0
32,32
32,32
416,-800
416,-800
416,-800
416,-800
416,-800
416,-800
384,-800
384,-800
416,-800
416,-800
-576,320
-576,320
-480,320
-480,320
-448,288
-448,288
-352,320
-352,320
-288,320
-288,320
0,32
0,32
0,32
0,32
0,32
0,32
0,32
0,32
0,32
0,32
192,-1952
192,-1952
192,-1952
192,-1952
192,-1952
192,-1952
192,-1952
192,-1952
192,-1952
192,-1952
-960,704
-960,704
-960,704
-960,704
-928,704
-928,704
-928,704
-928,704
-928,704
-928,704
-32,0
-32,0
-32,32
-32,32
0,32
0,32
0,32
0,32
0,32
0,32
192,-1312
192,-1312
192,-1312
192,-1312
192,-1312
192,-1312
192,-1312
192,-1312
192,-1312
192,-1312
-416,480
-416,480
-416,480
-416,480
-416,480
-416,480
-416,480
-416,480
-416,480
-416,480
0,0
0,0
0,0
0,0
0,0
0,0
0,32
0,32
0,0
0,0
192,-1376
192,-1376
192,-1376
192,-1376
192,-1376
192,-1376
192,-1376
192,-1376
192,-1376
192,-1376
-896,512
-896,512
-864,512
-864,512
-896,512
-896,512
-896,512
-896,512
-896,512
-896,512
0,0
0,0
0,0
0,0
0,0
0,0
0,0
0,0
0,32
0,32
384,-960
384,-960
384,-960
384,-960
352,-960
352,-960
384,-992
384,-992
384,-960
384,-960
-480,352
-480,352
-480,384
-480,384
-480,384
-480,384
-480,352
-480,352
-480,384
-480,384
0,32
0,32
0,0
0,0
32,32
32,32
0,32
0,32
0,32
0,32
416,-1568
416,-1568
416,-1568
416,-1568
384,-1568
384,-1568
416,-1568
416,-1568
416,-1568
416,-1568
-3360,608
-3360,608
-3328,608
-3328,608
-3360,576
-3360,576
-3232,576
-3232,576
-3264,576
-3264,576
64,32
64,32
64,32
64,32
64,32
64,32
64,0
64,0
64,32
64,32
416,-896
416,-896
416,-864
416,-864
416,-864
416,-864
416,-864
416,-864
416,-864
416,-864
-928,320
-928,320
-928,320
-928,320
-928,320
-928,320
-928,320
-928,320
-960,320
-960,320
0,0
0,0
0,0
0,0
0,0
0,0
0,0
0,0
32,0
32,0
384,-800
384,-800
384,-768
384,-768
416,-768
416,-768
384,-768
384,-768
384,-768
384,-768
-352,288
-352,288
-352,288
-352,288
-352,288
-352,288
-352,288
-352,288
-352,288
-352,288
0,0
0,0
0,0
0,0
32,0
32,0
0,0
0,0
0,32
0,32
384,-1408
384,-1408
384,-1408
384,-1408
384,-1408
384,-1408
384,-1408
384,-1408
384,-1408
384,-1408
-928,512
-928,512
-928,544
-928,544
-928,512
-928,512
-928,512
-928,512
-928,512
-928,512
0,0
0,0
0,0
0,0
0,0
0,0
0,0
0,0
0,0
0,0
192,-1376
192,-1376
192,-1376
192,-1376
192,-1376
192,-1376
192,-1376
192,-1376
192,-1376
192,-1376
-416,512
-416,512
-416,512
-416,512
-416,512
-416,512
-416,480
-416,480
-416,512
-416,512
0,0
0,0
0,0
0,0
0,32
0,32
0,0
0,0
0,32
0,32
160,-1472
160,-1472
160,-1472
160,-1472
192,-1472
192,-1472
192,-1472
192,-1472
192,-1472
192,-1472
-544,544
-544,544
-544,544
-544,544
-544,544
-544,544
-544,512
-544,512
-544,544
-544,544
0,32
0,32
0,32
0,32
0,0
0,0
0,32
0,32
0,32
0,32
192,-1312
192,-1312
192,-1344
192,-1344
192,-1344
192,-1344
192,-1344
192,-1344
192,-1312
192,-1312
-2176,512
-2176,512
-2176,480
-2176,480
-2176,512
-2176,512
-2176,480
-2176,480
-2176,480
-2176,480
32,32
32,32
0,0
0,0
32,32
32,32
0,0
0,0
0,32
0,32
384,-736
384,-736
384,-736
384,-736
384,-736
384,-736
384,-736
384,-736
384,-736
384,-736
-736,288
-736,288
-736,288
-736,288
-704,288
-704,288
-704,288
-704,288
-704,288
-704,288
0,32
0,32
0,32
0,32
0,32
0,32
0,32
0,32
0,0
0,0
352,-896
352,-896
352,-896
352,-896
352,-896
352,-896
352,-928
352,-928
352,-896
352,-896
-448,352
-448,352
-448,352
-448,352
-448,320
-448,320
-416,352
-416,352
-416,352
-416,352
0,0
0,0
0,0
0,0
0,0
0,0
-32,0
-32,0
0,0
0,0
192,-1504
192,-1504
192,-1504
192,-1504
192,-1504
192,-1504
192,-1504
192,-1504
192,-1504
192,-1504
-512,544
-512,544
-512,544
-512,544
-512,544
-512,544
-512,544
-512,544
-512,544
-512,544
0,32
0,32
0,0
0,0
0,0
0,0
0,32
0,32
0,0
0,0
160,-1376
160,-1376
192,-1376
192,-1376
192,-1376
192,-1376
192,-1376
192,-1376
160,-1376
160,-1376
-448,512
-448,512
-480,512
-480,512
-448,512
-448,512
-448,512
-448,512
-448,512
-448,512
0,32
0,32
0,32
0,32
0,32
0,32
0,0
0,0
-32,32
-32,32
192,-1248
192,-1248
192,-1280
192,-1280
192,-1280
192,-1280
224,-1280
224,-1280
192,-1280
192,-1280
-416,480
-416,480
-416,480
-416,480
-416,480
-416,480
-416,480
-416,480
-416,480
-416,480
0,32
0,32
0,32
0,32
0,32
0,32
0,32
0,32
0,32
0,32
192,-1568
192,-1568
192,-1568
192,-1568
192,-1568
192,-1568
192,-1568
192,-1568
192,-1568
192,-1568
-640,608
-640,608
-640,608
-640,608
-640,608
-640,608
-640,608
-640,608
-640,608
-640,608
0,32
0,32
0,32
0,32
0,32
0,32
0,32
0,32
0,32
0,32
192,-1376
192,-1376
192,-1376
192,-1376
192,-1376
192,-1376
192,-1344
192,-1344
192,-1376
192,-1376
-448,512
-448,512
-448,512
-448,512
-448,512
-448,512
-448,512
-448,512
-448,512
-448,512
0,0
0,0
0,32
0,32
0,32
0,32
0,0
0,0
0,0
0,0
192,-1408
192,-1408
192,-1408
192,-1408
192,-1408
192,-1408
192,-1408
192,-1408
192,-1408
192,-1408
-448,512
-448,512
-448,544
-448,544
-448,544
-448,544
-448,544
-448,544
-448,544
-448,544
0,0
0,0
0,32
0,32
0,32
0,32
0,0
0,0
0,0
0,0
384,-1504
384,-1504
384,-1504
384,-1504
384,-1504
384,-1504
384,-1504
384,-1504
384,-1504
384,-1504
-1024,576
-1024,576
-1024,576
-1024,576
-1024,576
-1024,576
-1024,576
-1024,576
-1024,576
-1024,576
0,0
0,0
0,0
0,0
0,0
0,0
0,0
0,0
0,0
0,0
416,-1472
416,-1472
384,-1472
384,-1472
416,-1472
416,-1472
384,-1472
384,-1472
416,-1472
416,-1472
-2944,544
-2944,544
-2944,544
-2944,544
-2976,544
-2976,544
-2944,544
-2944,544
-2944,544
-2944,544
32,0
32,0
32,0
32,0
32,32
32,32
32,32
32,32
32,0
32,0
416,-832
416,-832
416,-864
416,-864
416,-864
416,-864
384,-832
384,-832
416,-864
416,-864
-224,320
-224,320
-224,320
-224,320
-224,320
-224,320
-224,320
-224,320
-224,320
-224,320
0,32
0,32
0,32
0,32
0,32
0,32
0,32
0,32
0,32
0,32
224,-2336
224,-2336
224,-2336
224,-2336
192,-2336
192,-2336
224,-2336
224,-2336
224,-2336
224,-2336
-1408,896
-1408,896
-1408,896
-1408,896
-1408,864
-1408,864
-1408,864
-1408,864
-1408,896
-1408,896
32,32
32,32
32,32
32,32
32,32
32,32
32,32
32,32
32,32
32,32
192,-1472
192,-1472
192,-1472
192,-1472
224,-1472
224,-1472
224,-1472
224,-1472
224,-1472
224,-1472
-480,576
-480,576
-512,576
-512,576
-480,576
-480,576
-512,576
-512,576
-512,576
-512,576
0,0
0,0
0,32
0,32
0,32
0,32
0,0
0,0
0,0
0,0
384,-1440
384,-1440
384,-1440
384,-1440
384,-1440
384,-1440
384,-1440
384,-1440
384,-1440
384,-1440
-896,512
-896,512
-896,512
-896,512
-928,512
-928,512
-896,544
-896,544
-928,512
-928,512
0,0
0,0
0,0
0,0
0,0
0,0
0,0
0,0
0,0
0,0
384,-1376
384,-1376
384,-1376
384,-1376
384,-1376
384,-1376
384,-1376
384,-1376
384,-1376
384,-1376
-2528,512
-2528,512
-2464,512
-2464,512
-2464,512
-2464,512
-2400,512
-2400,512
-2336,480
-2336,480
0,0
0,0
32,32
32,32
32,32
32,32
32,0
32,0
0,32
0,32
416,-800
416,-800
384,-800
384,-800
384,-800
384,-800
384,-800
384,-800
416,-800
416,-800
-832,320
-832,320
-832,288
-832,288
-800,320
-800,320
-768,320
-768,320
-768,320
-768,320
32,32
32,32
32,32
32,32
0,32
0,32
32,32
32,32
32,0
32,0
416,-992
416,-992
416,-992
416,-992
416,-992
416,-992
416,-992
416,-992
416,-992
416,-992
-1248,384
-1248,384
-1248,384
-1248,384
-1216,384
-1216,384
-1216,384
-1216,384
-1216,384
-1216,384
32,32
32,32
32,32
32,32
32,32
32,32
32,32
32,32
32,32
32,32
416,-864
416,-864
384,-864
384,-864
384,-864
384,-864
384,-864
384,-864
384,-864
384,-864
-416,320
-416,320
-416,320
-416,320
-416,320
-416,320
-416,320
-416,320
-416,320
-416,320
0,0
0,0
0,0
0,0
0,0
0,0
0,0
0,0
0,0
0,0
384,-1376
384,-1376
352,-1376
352,-1376
384,-1376
384,-1376
384,-1408
384,-1408
384,-1376
384,-1376
-864,512
-864,512
-864,480
-864,480
-864,480
-864,480
-896,480
-896,480
-864,480
-864,480
0,0
0,0
0,0
0,0
0,0
0,0
0,0
0,0
0,0
0,0
192,-1344
192,-1344
192,-1344
192,-1344
192,-1344
192,-1344
192,-1344
192,-1344
192,-1344
192,-1344
-416,480
-416,480
-416,512
-416,512
-416,480
-416,480
-416,512
-416,512
-416,480
-416,480
0,0
0,0
0,0
0,0
0,0
0,0
0,32
0,32
0,0
0,0
192,-1376
192,-1376
192,-1376
192,-1376
192,-1376
192,-1376
192,-1376
192,-1376
192,-1376
192,-1376
-512,512
-512,512
-512,512
-512,512
-512,512
-512,512
-512,512
-512,512
-512,512
-512,512
0,32
0,32
-32,0
-32,0
0,32
0,32
0,32
0,32
0,32
0,32
192,-1280
192,-1280
192,-1280
192,-1280
192,-1280
192,-1280
192,-1280
192,-1280
192,-1280
192,-1280
-2144,480
-2144,480
-2176,480
-2176,480
-2176,480
-2176,480
-2176,480
-2176,480
-2176,480
-2176,480
32,32
32,32
32,0
32,0
32,0
32,0
32,0
32,0
32,0
32,0
384,-736
384,-736
384,-736
384,-736
384,-736
384,-736
384,-736
384,-736
384,-736
384,-736
-736,288
-736,288
-736,288
-736,288
-736,256
-736,256
-736,288
-736,288
-736,288
-736,288
32,0
32,0
0,32
0,32
32,0
32,0
0,0
0,0
0,0
0,0
352,-768
352,-768
352,-768
352,-768
352,-768
352,-768
352,-768
352,-768
352,-768
352,-768
-352,320
-352,320
-352,288
-352,288
-352,288
-352,288
-352,320
-352,320
-352,288
-352,288
0,0
0,0
0,32
0,32
0,0
0,0
0,32
0,32
0,32
0,32
192,-1376
192,-1376
192,-1376
192,-1376
192,-1376
192,-1376
192,-1376
192,-1376
192,-1376
192,-1376
-448,544
-448,544
-448,544
-448,544
-448,512
-448,512
-448,544
-448,544
-448,512
-448,512
32,0
32,0
0,32
0,32
0,32
0,32
0,32
0,32
0,32
0,32
192,-1408
192,-1408
192,-1408
192,-1408
192,-1408
192,-1408
192,-1408
192,-1408
192,-1408
192,-1408
-512,544
-512,544
-544,544
-544,544
-512,544
-512,544
-544,544
-544,544
-512,544
-512,544
0,32
0,32
0,0
0,0
0,32
0,32
0,32
0,32
0,32
0,32
192,-1408
192,-1408
192,-1408
192,-1408
192,-1408
192,-1408
192,-1408
192,-1408
192,-1408
192,-1408
-544,512
-544,512
-544,512
-544,512
-544,512
-544,512
-544,512
-544,512
-544,512
-544,512
0,0
0,0
0,32
0,32
-32,0
-32,0
0,32
0,32
0,0
0,0
192,-1248
192,-1248
192,-1248
192,-1248
192,-1248
192,-1248
192,-1248
192,-1248
192,-1248
192,-1248
-416,480
-416,480
-416,480
-416,480
-416,480
-416,480
-416,480
-416,480
-416,480
-416,480
-32,0
-32,0
-32,0
-32,0
-32,0
-32,0
-32,0
-32,0
-32,32
-32,32
192,-1376
192,-1376
192,-1376
192,-1376
192,-1376
192,-1376
192,-1376
192,-1376
192,-1376
192,-1376
-448,512
-448,512
-448,512
-448,512
-448,512
-448,512
-480,512
-480,512
-448,512
-448,512
0,0
0,0
0,0
0,0
-32,0
-32,0
0,0
0,0
0,0
0,0
192,-1600
192,-1600
192,-1600
192,-1600
192,-1600
192,-1600
192,-1600
192,-1600
192,-1600
192,-1600
-1152,608
-1152,608
-1152,608
-1152,608
-1152,608
-1152,608
-1152,608
-1152,608
-1152,608
-1152,608
0,32
0,32
0,32
0,32
0,0
0,0
0,32
0,32
0,32
0,32
384,-992
384,-992
384,-992
384,-992
384,-992
384,-992
352,-992
352,-992
384,-992
384,-992
-544,416
-544,416
-544,416
-544,416
-544,416
-544,416
-544,384
-544,384
-544,384
-544,384
0,32
0,32
0,0
0,0
0,32
0,32
0,32
0,32
32,32
32,32
416,-1440
416,-1440
416,-1440
416,-1440
416,-1440
416,-1440
416,-1440
416,-1440
416,-1440
416,-1440
-2560,544
-2560,544
-2560,544
-2560,544
-2528,544
-2528,544
-2592,544
-2592,544
-2528,544
-2528,544
64,32
64,32
32,32
32,32
32,32
32,32
64,32
64,32
32,32
32,32
416,-832
416,-832
416,-832
416,-832
416,-832
416,-832
384,-832
384,-832
288,-832
288,-832
-224,320
-224,320
-224,320
-224,320
-224,320
-224,320
-224,320
-224,320
-224,320
-224,320
0,32
0,32
0,32
0,32
0,32
0,32
0,32
0,32
0,32
0,32
192,-1760
192,-1760
192,-1760
192,-1760
192,-1760
192,-1760
192,-1760
192,-1760
192,-1760
192,-1760
-800,672
-800,672
-832,640
-832,640
-832,640
-832,640
-832,640
-832,640
-832,640
-832,640
0,0
0,0
0,0
0,0
0,0
0,0
0,0
0,0
0,0
0,0
192,-1280
192,-1280
192,-1280
192,-1280
192,-1280
192,-1280
192,-1280
192,-1280
192,-1280
192,-1280
-352,480
-352,480
-384,480
-384,480
-384,448
-384,448
-384,480
-384,480
-384,480
-384,480
0,0
0,0
0,32
0,32
0,0
0,0
0,0
0,0
0,0
0,0
384,-1440
384,-1440
384,-1440
384,-1440
384,-1440
384,-1440
384,-1440
384,-1440
384,-1440
384,-1440
-928,544
-928,544
-928,544
-928,544
-928,544
-928,544
-928,544
-928,544
-928,512
-928,512
0,32
0,32
0,32
0,32
0,32
0,32
0,32
0,32
0,32
0,32
384,-1376
384,-1376
384,-1376
384,-1376
384,-1376
384,-1376
384,-1344
384,-1344
384,-1376
384,-1376
-2464,512
-2464,512
-2464,512
-2464,512
-2496,512
-2496,512
-2496,512
-2496,512
-2432,512
-2432,512
32,32
32,32
32,0
32,0
32,32
32,32
32,0
32,0
32,32
32,32
384,-832
384,-832
384,-832
384,-832
384,-832
384,-832
384,-832
384,-832
384,-832
384,-832
-896,320
-896,320
-928,320
-928,320
-896,320
-896,320
-896,320
-896,320
-928,320
-928,320
0,0
0,0
0,0
0,0
0,0
0,0
0,0
0,0
0,0
0,0
384,-800
384,-800
384,-832
384,-832
384,-832
384,-832
384,-800
384,-800
384,-800
384,-800
-800,288
-800,288
-800,288
-800,288
-832,288
-832,288
-832,288
-832,288
-832,288
-832,288
32,0
32,0
0,0
0,0
0,0
0,0
0,0
0,0
0,0
0,0
352,-832
352,-832
352,-832
352,-832
352,-832
352,-832
352,-832
352,-832
352,-832
352,-832
-384,320
-384,320
-384,320
-384,320
-384,320
-384,320
-384,320
-384,320
-384,320
-384,320
0,0
0,0
0,0
0,0
0,0
0,0
0,0
0,0
0,0
0,0
384,-1440
384,-1440
384,-1440
384,-1440
384,-1440
384,-1440
384,-1440
384,-1440
384,-1440
384,-1440
-448,512
-448,512
-480,544
-480,544
-480,512
-480,512
-448,512
-448,512
-480,512
-480,512
0,0
0,0
0,0
0,0
0,0
0,0
0,0
0,0
0,0
0,0
192,-2112
192,-2112
192,-2112
192,-2112
192,-2112
192,-2112
192,-2112
192,-2112
192,-2112
192,-2112
-960,768
-960,768
-960,768
-960,768
-960,768
-960,768
-960,768
-960,768
-960,768
-960,768
0,32
0,32
0,32
0,32
0,32
0,32
0,32
0,32
0,32
0,32
192,-1408
192,-1408
192,-1408
192,-1408
192,-1408
192,-1408
192,-1408
192,-1408
192,-1408
192,-1408
-544,544
-544,544
-512,544
-512,544
-544,512
-544,512
-512,544
-512,544
-512,544
-512,544
0,32
0,32
0,32
0,32
0,32
0,32
0,32
0,32
0,32
0,32
416,-1376
416,-1376
416,-1376
416,-1376
416,-1376
416,-1376
416,-1376
416,-1376
384,-1376
384,-1376
-2432,544
-2432,544
-2400,512
-2400,512
-2432,512
-2432,512
-2432,512
-2432,512
-2400,512
-2400,512
32,32
32,32
32,32
32,32
32,32
32,32
32,32
32,32
32,32
32,32
416,-832
416,-832
416,-832
416,-832
416,-832
416,-832
416,-832
416,-832
416,-832
416,-832
-544,320
-544,320
-448,320
-448,320
-416,320
-416,320
-384,320
-384,320
-384,320
-384,320
32,32
32,32
32,32
32,32
0,0
0,0
32,32
32,32
0,0
0,0
384,-1568
384,-1568
384,-1568
384,-1568
384,-1536
384,-1536
384,-1536
384,-1536
384,-1536
384,-1536
-1088,544
-1088,544
-1120,576
-1120,576
-1120,576
-1120,576
-1088,576
-1088,576
-1056,576
-1056,576
0,0
0,0
0,0
0,0
0,0
0,0
32,0
32,0
0,0
0,0
192,-1440
192,-1440
192,-1440
192,-1440
192,-1440
192,-1440
192,-1440
192,-1440
192,-1440
192,-1440
-448,544
-448,544
-448,544
-448,544
-448,544
-448,544
-448,544
-448,544
-448,544
-448,544
0,0
0,0
0,0
0,0
0,0
0,0
0,0
0,0
0,0
0,0
192,-1504
192,-1504
192,-1504
192,-1504
192,-1504
192,-1504
192,-1504
192,-1504
192,-1504
192,-1504
-576,576
-576,576
-576,576
-576,576
-576,576
-576,576
-576,576
-576,576
-576,576
-576,576
0,32
0,32
0,32
0,32
0,32
0,32
0,32
0,32
0,32
0,32
192,-1344
192,-1344
192,-1376
192,-1376
192,-1376
192,-1376
192,-1376
192,-1376
192,-1376
192,-1376
-512,512
-512,512
-512,512
-512,512
-512,512
-512,512
-512,512
-512,512
-512,512
-512,512
0,32
0,32
0,32
0,32
0,32
0,32
0,32
0,32
0,32
0,32
192,-1312
192,-1312
192,-1280
192,-1280
224,-1280
224,-1280
224,-1280
224,-1280
192,-1280
192,-1280
-480,512
-480,512
-480,480
-480,480
-480,512
-480,512
-448,480
-448,480
-480,512
-480,512
0,32
0,32
0,32
0,32
0,32
0,32
0,32
0,32
0,32
0,32
192,-1344
192,-1344
192,-1344
192,-1344
192,-1344
192,-1344
192,-1344
192,-1344
192,-1344
192,-1344
-416,512
-416,512
-416,512
-416,512
-416,512
-416,512
-416,512
-416,512
-416,512
-416,512
0,0
0,0
0,0
0,0
0,0
0,0
0,0
0,0
0,0
0,0
192,-1472
192,-1472
192,-1472
192,-1472
192,-1472
192,-1472
192,-1472
192,-1472
192,-1472
192,-1472
-1024,576
-1024,576
-1024,544
-1024,544
-1024,544
-1024,544
-1024,576
-1024,576
-1024,576
-1024,576
0,32
0,32
0,32
0,32
0,0
0,0
0,32
0,32
0,0
0,0
384,-1024
384,-1024
384,-1024
384,-1024
384,-1024
384,-1024
384,-1024
384,-1024
384,-1024
384,-1024
-576,384
-576,384
-576,384
-576,384
-576,384
-576,384
-576,384
-576,384
-576,384
-576,384
0,0
0,0
0,0
0,0
0,0
0,0
0,0
0,0
0,0
0,0
384,-1408
384,-1408
384,-1408
384,-1408
384,-1408
384,-1408
384,-1408
384,-1408
384,-1408
384,-1408
-2528,512
-2528,512
-2528,512
-2528,512
-2528,512
-2528,512
-2528,512
-2528,512
-2528,512
-2528,512
32,0
32,0
32,0
32,0
32,0
32,0
32,32
32,32
32,0
32,0
192,-800
192,-800
192,-832
192,-832
192,-800
192,-800
192,-832
192,-832
192,-832
192,-832
-224,320
-224,320
-224,320
-224,320
-224,320
-224,320
-224,320
-224,320
-224,320
-224,320
0,32
0,32
0,32
0,32
0,32
0,32
0,32
0,32
0,32
0,32
192,-1248
192,-1248
192,-1248
192,-1248
192,-1248
192,-1248
192,-1280
192,-1280
192,-1280
192,-1280
-384,480
-384,480
-352,512
-352,512
-352,480
-352,480
-384,480
-384,480
-352,480
-352,480
0,32
0,32
0,32
0,32
0,32
0,32
0,0
0,0
0,0
0,0
192,-1536
192,-1536
192,-1536
192,-1536
192,-1504
192,-1504
192,-1504
192,-1504
192,-1504
192,-1504
-512,576
-512,576
-512,576
-512,576
-480,576
-480,576
-480,576
-480,576
-512,576
-512,576
0,0
0,0
0,0
0,0
0,0
0,0
0,0
0,0
0,0
0,0
384,-1472
384,-1472
384,-1472
384,-1472
384,-1472
384,-1472
384,-1472
384,-1472
384,-1472
384,-1472
-1024,544
-1024,544
-1024,544
-1024,544
-1024,544
-1024,544
-1024,544
-1024,544
-992,544
-992,544
0,0
0,0
32,0
32,0
0,0
0,0
0,0
0,0
0,0
0,0
384,-1408
384,-1408
384,-1408
384,-1408
384,-1408
384,-1408
384,-1408
384,-1408
384,-1408
384,-1408
-2528,544
-2528,544
-2528,512
-2528,512
-2560,544
-2560,544
-2528,512
-2528,512
-2528,512
-2528,512
32,0
32,0
32,0
32,0
32,0
32,0
32,0
32,0
32,0
32,0
384,-800
384,-800
416,-800
416,-800
384,-832
384,-832
384,-832
384,-832
384,-832
384,-832
-864,320
-864,320
-864,320
-864,320
-864,320
-864,320
-832,320
-832,320
-832,320
-832,320
